metric,lag,pearson,spearman,n
% of beds occupied by patients with NCtR - BRI,0,0.3367370281903073,0.3849150551761753,560
% of beds occupied by patients with NCtR - BRI,1,0.3619822066250511,0.4058664138426786,559
% of beds occupied by patients with NCtR - BRI,3,0.3733229088102258,0.40411195813662315,557
% of beds occupied by patients with NCtR - BRI,7,0.2723409415875595,0.3015839495429634,553
% of beds occupied by patients with NCtR - BRI,14,0.239093414639698,0.24260729245121215,546
% of beds occupied by patients with NCtR - BRI,28,0.205141845169462,0.21244734653636405,532
% of beds occupied by patients with NCtR - NBT,0,-0.04695933912954074,-0.02651825024754357,541
% of beds occupied by patients with NCtR - NBT,1,-0.09002345041922746,-0.05593729790945513,541
% of beds occupied by patients with NCtR - NBT,3,-0.07033956596528777,-0.036184468569466395,539
% of beds occupied by patients with NCtR - NBT,7,-0.10223422216118931,-0.11256584356578996,535
% of beds occupied by patients with NCtR - NBT,14,-0.08474078764454218,-0.12162743182518783,528
% of beds occupied by patients with NCtR - NBT,28,-0.15907909328983807,-0.16739166799704347,514
% of beds occupied by patients with NCtR - WGH,0,0.3295281213720745,0.3051229445745969,560
% of beds occupied by patients with NCtR - WGH,1,0.35383644372130085,0.3270287199232161,559
% of beds occupied by patients with NCtR - WGH,3,0.4018619888726841,0.3841376010751255,557
% of beds occupied by patients with NCtR - WGH,7,0.3750470257170397,0.3353136983444876,553
% of beds occupied by patients with NCtR - WGH,14,0.3761837932977962,0.3274196797097502,546
% of beds occupied by patients with NCtR - WGH,28,0.3166047495312299,0.27661337698313315,532
% of open beds that are escalation beds - BRI,0,0.4707798940597425,0.45521659488923233,543
% of open beds that are escalation beds - BRI,1,0.31393589438983655,0.28176683131741986,542
% of open beds that are escalation beds - BRI,3,0.25834762095410596,0.23827638690108757,540
% of open beds that are escalation beds - BRI,7,0.30959063132961956,0.306201372843605,536
% of open beds that are escalation beds - BRI,14,0.3394825458628175,0.35708095422809416,529
% of open beds that are escalation beds - BRI,28,0.197628280980808,0.206029490682616,515
% of open beds that are escalation beds - WGH,0,0.5426044479213278,0.5709971739757862,543
% of open beds that are escalation beds - WGH,1,0.4209981435317623,0.46440097081926146,542
% of open beds that are escalation beds - WGH,3,0.3812254936182199,0.4096019960809912,540
% of open beds that are escalation beds - WGH,7,0.4819853830071226,0.46722029180348956,536
% of open beds that are escalation beds - WGH,14,0.43477043935713633,0.41120432101792836,529
% of open beds that are escalation beds - WGH,28,0.35442335468619673,0.3147939635228751,515
% of patients spending >12 hours in ED - BRI,0,0.43309499457993844,0.5649315003813543,560
% of patients spending >12 hours in ED - BRI,1,0.34387510329412924,0.4321451003701205,559
% of patients spending >12 hours in ED - BRI,3,0.17482442537954343,0.25340160323395833,557
% of patients spending >12 hours in ED - BRI,7,0.3072638039548881,0.42465082189224085,553
% of patients spending >12 hours in ED - BRI,14,0.28217286084272614,0.3616378611259873,546
% of patients spending >12 hours in ED - BRI,28,0.3382813569154924,0.3200612822248357,532
% of patients spending >12 hours in ED - NBT,0,0.5838955772844555,0.5952853917747613,541
% of patients spending >12 hours in ED - NBT,1,0.45004248604030583,0.4644233125863213,541
% of patients spending >12 hours in ED - NBT,3,0.27911601907931993,0.2702432942327311,539
% of patients spending >12 hours in ED - NBT,7,0.30173583396556736,0.28654729120365224,535
% of patients spending >12 hours in ED - NBT,14,0.30777535300850295,0.3402848036111097,528
% of patients spending >12 hours in ED - NBT,28,0.21734539261756822,0.2386360058373159,514
% of patients spending >12 hours in ED - WGH,0,0.5206635383672849,0.5591188279391275,560
% of patients spending >12 hours in ED - WGH,1,0.3936370950781626,0.3919488190093434,559
% of patients spending >12 hours in ED - WGH,3,0.22302125466984937,0.23887864693631802,557
% of patients spending >12 hours in ED - WGH,7,0.4188276040154297,0.43641336673759645,553
% of patients spending >12 hours in ED - WGH,14,0.37259847920492084,0.3872899462374603,546
% of patients spending >12 hours in ED - WGH,28,0.3239705259156172,0.3036567760916752,532
(SWASFT) Number of HCP Incidents - SWASFT,0,0.19063615555391858,0.22296180715658404,929
(SWASFT) Number of HCP Incidents - SWASFT,1,0.02712878102008439,0.04755684485609458,929
(SWASFT) Number of HCP Incidents - SWASFT,3,-0.12665963962863677,-0.12015078677032706,927
(SWASFT) Number of HCP Incidents - SWASFT,7,0.12191318070762404,0.13415659609092567,923
(SWASFT) Number of HCP Incidents - SWASFT,14,0.1427410034232767,0.16070548357397968,916
(SWASFT) Number of HCP Incidents - SWASFT,28,0.14388305107550112,0.16532433139989525,902
(SWASFT) Number of NHS 111 Incidents - SWASFT,0,-0.031018961453461356,-0.046796528538879854,929
(SWASFT) Number of NHS 111 Incidents - SWASFT,1,0.219379112331661,0.20542122612267555,929
(SWASFT) Number of NHS 111 Incidents - SWASFT,3,0.29123397985412175,0.3005993171840889,927
(SWASFT) Number of NHS 111 Incidents - SWASFT,7,0.02729175408811847,-0.012611862043726928,923
(SWASFT) Number of NHS 111 Incidents - SWASFT,14,-0.023136975051007848,-0.06259992020351704,916
(SWASFT) Number of NHS 111 Incidents - SWASFT,28,0.011954417065703073,-0.014954683964563639,902
(Severnside) CAS Referred to ED - SevernSide,0,-0.2013272831522435,-0.20438554529681996,655
(Severnside) CAS Referred to ED - SevernSide,1,0.030298939157978506,0.027407375934231714,655
(Severnside) CAS Referred to ED - SevernSide,3,0.28563187887475633,0.2912402594528655,653
(Severnside) CAS Referred to ED - SevernSide,7,-0.15983244083867598,-0.1817396554316926,649
(Severnside) CAS Referred to ED - SevernSide,14,-0.15552354177799016,-0.14653527365938904,642
(Severnside) CAS Referred to ED - SevernSide,28,-0.15088083267337235,-0.14692040245162702,628
(Severnside) Calls Answered - SevernSide,0,-0.053182966619000994,0.006282308682605582,928
(Severnside) Calls Answered - SevernSide,1,0.206825811973399,0.26720139146068983,928
(Severnside) Calls Answered - SevernSide,3,0.3456152910684753,0.3899676439527814,926
(Severnside) Calls Answered - SevernSide,7,-0.036923075327919504,-0.01757543446738439,922
(Severnside) Calls Answered - SevernSide,14,-0.06173632065660256,-0.03672922363872586,915
(Severnside) Calls Answered - SevernSide,28,-0.04552100979014122,-0.038510830752497754,901
(Severnside) Calls Answered Within 60 Seconds - SevernSide,0,-0.0424514568529672,-0.049091661053139724,928
(Severnside) Calls Answered Within 60 Seconds - SevernSide,1,0.09941053159783664,0.0966214562642189,928
(Severnside) Calls Answered Within 60 Seconds - SevernSide,3,0.22600820116024983,0.2165465851496624,926
(Severnside) Calls Answered Within 60 Seconds - SevernSide,7,-0.000544577450995152,-0.01749546416575947,922
(Severnside) Calls Answered Within 60 Seconds - SevernSide,14,0.0034978903909951334,-0.009832922093832698,915
(Severnside) Calls Answered Within 60 Seconds - SevernSide,28,-0.018246133531346236,-0.03733400469877073,901
(Severnside) Calls Received - SevernSide,0,-0.07577394138208626,-0.008497839664388112,928
(Severnside) Calls Received - SevernSide,1,0.192627059124132,0.25629292860099073,928
(Severnside) Calls Received - SevernSide,3,0.32119353832078035,0.3800303314901943,926
(Severnside) Calls Received - SevernSide,7,-0.06704453294770034,-0.040099496534320996,922
(Severnside) Calls Received - SevernSide,14,-0.09257896140572593,-0.05894513490821997,915
(Severnside) Calls Received - SevernSide,28,-0.07300026723325063,-0.06414014172345653,901
(Severnside) Calls Triaged - SevernSide,0,0.03250121593611902,0.09334562831998322,928
(Severnside) Calls Triaged - SevernSide,1,0.236957953313482,0.2920662843040723,928
(Severnside) Calls Triaged - SevernSide,3,0.34890624527646513,0.38318268100831626,926
(Severnside) Calls Triaged - SevernSide,7,0.04152405832404036,0.06689015399764042,922
(Severnside) Calls Triaged - SevernSide,14,0.00467996566725258,0.04032135858288561,915
(Severnside) Calls Triaged - SevernSide,28,0.02485423525414317,0.040902256571987504,901
(Severnside) HCP Calls Answered - SevernSide,0,-0.24000826024861768,-0.18710832912654699,928
(Severnside) HCP Calls Answered - SevernSide,1,0.02942598276995961,0.023604146611830624,928
(Severnside) HCP Calls Answered - SevernSide,3,0.28687442603850694,0.3278132073118992,926
(Severnside) HCP Calls Answered - SevernSide,7,-0.18734373552864486,-0.17210340818617548,922
(Severnside) HCP Calls Answered - SevernSide,14,-0.20387776677015318,-0.17786930474810128,915
(Severnside) HCP Calls Answered - SevernSide,28,-0.1855288665065953,-0.17051905688356456,901
(Severnside) Referred to 999 - C1 Ambulances - SevernSide,0,-0.03696589920624312,-0.03483361949169318,928
(Severnside) Referred to 999 - C1 Ambulances - SevernSide,1,-0.00028109582530146744,0.015009222227448967,928
(Severnside) Referred to 999 - C1 Ambulances - SevernSide,3,0.0008397996945661349,0.009885161477027183,926
(Severnside) Referred to 999 - C1 Ambulances - SevernSide,7,-0.035951816307917744,-0.030076346368073395,922
(Severnside) Referred to 999 - C1 Ambulances - SevernSide,14,0.01682692511881638,0.04102922651860178,915
(Severnside) Referred to 999 - C1 Ambulances - SevernSide,28,0.023206368105074062,0.04299756946827105,901
(Severnside) Referred to 999 - C2 Ambulances - SevernSide,0,0.15370772064289207,0.1814181716955334,928
(Severnside) Referred to 999 - C2 Ambulances - SevernSide,1,0.24774471540034532,0.3214125608881724,928
(Severnside) Referred to 999 - C2 Ambulances - SevernSide,3,0.2510045240160571,0.36761320350998433,926
(Severnside) Referred to 999 - C2 Ambulances - SevernSide,7,0.172240252093819,0.18407583692815507,922
(Severnside) Referred to 999 - C2 Ambulances - SevernSide,14,0.205052528981533,0.1985703148689535,915
(Severnside) Referred to 999 - C2 Ambulances - SevernSide,28,0.24424528565537387,0.23261708851482815,901
(Severnside) Referred to 999 - C3 Ambulances - SevernSide,0,-0.01260175760587946,-0.03961326224011901,928
(Severnside) Referred to 999 - C3 Ambulances - SevernSide,1,0.13517133199147835,0.12529757685138498,928
(Severnside) Referred to 999 - C3 Ambulances - SevernSide,3,0.1685205781562314,0.20459839912584207,926
(Severnside) Referred to 999 - C3 Ambulances - SevernSide,7,-0.027840580432102167,-0.023859060239083105,922
(Severnside) Referred to 999 - C3 Ambulances - SevernSide,14,-0.09252445636707417,-0.11294392707027938,915
(Severnside) Referred to 999 - C3 Ambulances - SevernSide,28,-0.026128663412519255,-0.05966940745404908,901
(Severnside) Referred to 999 - C4 Ambulances - SevernSide,0,-0.03325288595371168,-0.0023002532989795234,928
(Severnside) Referred to 999 - C4 Ambulances - SevernSide,1,0.010188549213174145,0.0605033643583688,928
(Severnside) Referred to 999 - C4 Ambulances - SevernSide,3,0.029683893010337276,0.08539668370658356,926
(Severnside) Referred to 999 - C4 Ambulances - SevernSide,7,-0.06559951523018155,0.01138492284847602,922
(Severnside) Referred to 999 - C4 Ambulances - SevernSide,14,-0.12896897524457523,-0.08131606546226401,915
(Severnside) Referred to 999 - C4 Ambulances - SevernSide,28,-0.16250850060565072,-0.07182931475886926,901
(Severnside) Referred to ED - SevernSide,0,-0.15904219449814677,-0.16635383259762457,928
(Severnside) Referred to ED - SevernSide,1,0.0602927336747127,0.044539012946748655,928
(Severnside) Referred to ED - SevernSide,3,0.3101424179418588,0.299492495412474,926
(Severnside) Referred to ED - SevernSide,7,-0.1312967346482448,-0.15652238641966604,922
(Severnside) Referred to ED - SevernSide,14,-0.1166237778334938,-0.11818411077054145,915
(Severnside) Referred to ED - SevernSide,28,-0.1180417560088494,-0.12772593750786906,901
4hr Breach Performance - BRI,0,-0.10738104790591654,-0.09614952987092477,889
4hr Breach Performance - BRI,1,-0.1763489901242036,-0.16422160139131553,888
4hr Breach Performance - BRI,3,-0.09455887038458438,-0.1388530201322927,886
4hr Breach Performance - BRI,7,-0.044830399385205846,-0.036969562907776934,882
4hr Breach Performance - BRI,14,-0.09106698947055097,-0.10452626760609618,875
4hr Breach Performance - BRI,28,-0.09314392232208814,-0.0855082898799828,861
4hr Breach Performance - BRI (Children's),0,-0.1674551923970485,-0.2321386114245078,889
4hr Breach Performance - BRI (Children's),1,-0.16342627265593787,-0.216259826995736,888
4hr Breach Performance - BRI (Children's),3,-0.12131109287912709,-0.1497298185883013,886
4hr Breach Performance - BRI (Children's),7,-0.1319937379565406,-0.16353677466300637,882
4hr Breach Performance - BRI (Children's),14,-0.14281071635029174,-0.15537318118976187,875
4hr Breach Performance - BRI (Children's),28,-0.1144869136686016,-0.14524446173601213,861
4hr Breach Performance - NBT,0,-0.19876765626441534,-0.22498465605597812,892
4hr Breach Performance - NBT,1,-0.15848359981498536,-0.18431943466218495,891
4hr Breach Performance - NBT,3,-0.13821789204482143,-0.1534029235141683,889
4hr Breach Performance - NBT,7,-0.0999070326676608,-0.11207208846563607,885
4hr Breach Performance - NBT,14,-0.06373987673174382,-0.09476937625543189,878
4hr Breach Performance - NBT,28,-0.07547277972282218,-0.10822885688600126,864
4hr Breach Performance - WGH,0,-0.022020741903167836,-0.02464506926941066,886
4hr Breach Performance - WGH,1,-0.035688845887903595,-0.05056965218924003,885
4hr Breach Performance - WGH,3,-0.0812678111030233,-0.08003664713313835,883
4hr Breach Performance - WGH,7,0.01651977976269297,0.026670159030680766,879
4hr Breach Performance - WGH,14,0.03910370169739134,0.028847229115834296,872
4hr Breach Performance - WGH,28,0.05916671713273787,0.06204919442465089,859
A&E Discharges in Last Hour - BRI,0,0.035798208487281775,0.05690995793145319,886
A&E Discharges in Last Hour - BRI,1,-0.05612121359950662,-0.033128801771157415,885
A&E Discharges in Last Hour - BRI,3,-0.14728729843450508,-0.13276742916719023,883
A&E Discharges in Last Hour - BRI,7,-0.026867837777800545,0.0036817137088780883,879
A&E Discharges in Last Hour - BRI,14,-0.039296190328861426,-0.015563086444188355,872
A&E Discharges in Last Hour - BRI,28,-0.05738941237893473,-0.032416891916942976,859
A&E Discharges in Last Hour - BRI (Children's),0,0.2599492073889506,0.2984718565671794,886
A&E Discharges in Last Hour - BRI (Children's),1,0.17687571946603556,0.2063835846688658,885
A&E Discharges in Last Hour - BRI (Children's),3,0.08432748276759512,0.10791512247207836,883
A&E Discharges in Last Hour - BRI (Children's),7,0.23283949540650767,0.23800209815766418,879
A&E Discharges in Last Hour - BRI (Children's),14,0.2760110357349495,0.27555045113126925,872
A&E Discharges in Last Hour - BRI (Children's),28,0.218601850305778,0.2017256591551047,859
A&E Discharges in Last Hour - NBT,0,-0.014821291201152336,0.012541134154957294,892
A&E Discharges in Last Hour - NBT,1,-0.0378847490349377,-0.0001511484540573691,891
A&E Discharges in Last Hour - NBT,3,-0.2314881200761225,-0.2195720041008091,889
A&E Discharges in Last Hour - NBT,7,-0.04525947254420232,-0.036517420204173395,885
A&E Discharges in Last Hour - NBT,14,0.0020973086736813485,0.017632573574670705,878
A&E Discharges in Last Hour - NBT,28,-0.04483598102555913,-0.01893062933644989,864
A&E Discharges in Last Hour - WGH,0,0.0566121725255167,0.07987027736930451,886
A&E Discharges in Last Hour - WGH,1,-0.1241889429389075,-0.11867122250670353,885
A&E Discharges in Last Hour - WGH,3,-0.1278251118517819,-0.1426417303491739,883
A&E Discharges in Last Hour - WGH,7,0.011988189142717353,0.006025329979531831,879
A&E Discharges in Last Hour - WGH,14,0.02818136561068129,0.022783400056039037,872
A&E Discharges in Last Hour - WGH,28,0.014539254877957973,0.028179840413049575,859
A&E attends - paediatrics - BRI,0,0.3666093497282173,0.3963029095751743,929
A&E attends - paediatrics - BRI,1,0.34557695291480595,0.3704325731668955,929
A&E attends - paediatrics - BRI,3,0.20079786510974829,0.21647154003711758,927
A&E attends - paediatrics - BRI,7,0.33802740974267637,0.3315825422089104,923
A&E attends - paediatrics - BRI,14,0.35660287905399785,0.3308462857016554,916
A&E attends - paediatrics - BRI,28,0.28487614065632455,0.2661800770099417,902
A&E attends - paediatrics - NBT,0,-0.12170417640929469,-0.08427951784085257,923
A&E attends - paediatrics - NBT,1,-0.11353470282545633,-0.06411343025576276,923
A&E attends - paediatrics - NBT,3,-0.17460848814169252,-0.150456222361971,921
A&E attends - paediatrics - NBT,7,-0.12039265888227157,-0.09452670618456216,917
A&E attends - paediatrics - NBT,14,-0.09058795460946169,-0.07855120282965648,910
A&E attends - paediatrics - NBT,28,-0.14888709899428682,-0.14160212017810184,896
Adult critical care beds occupied - NBT,0,0.18939290464050904,0.18497692605088098,923
Adult critical care beds occupied - NBT,1,0.13793507716621958,0.11483890315602696,923
Adult critical care beds occupied - NBT,3,0.06373205684802109,0.041059689475349916,921
Adult critical care beds occupied - NBT,7,0.08826392255948376,0.06812588569437286,917
Adult critical care beds occupied - NBT,14,0.09222365718383699,0.0842010844656544,910
Adult critical care beds occupied - NBT,28,0.0667819631488868,0.03074699697437006,896
Aggregated NHSE OPEL Score - BRI,0,0.5625749890334195,0.5665562529599053,560
Aggregated NHSE OPEL Score - BRI,1,0.5360084840769374,0.5259482584991165,559
Aggregated NHSE OPEL Score - BRI,3,0.3611720085733388,0.3692370249308646,557
Aggregated NHSE OPEL Score - BRI,7,0.4264963370309608,0.4278104726726279,553
Aggregated NHSE OPEL Score - BRI,14,0.39738040627102084,0.4080447604856034,546
Aggregated NHSE OPEL Score - BRI,28,0.34024442226411333,0.35063595114975693,532
Aggregated NHSE OPEL Score - NBT,0,0.5085397180765309,0.5431525432213844,541
Aggregated NHSE OPEL Score - NBT,1,0.43897956938633553,0.4729020458120627,541
Aggregated NHSE OPEL Score - NBT,3,0.3259457277704592,0.35613074248188836,539
Aggregated NHSE OPEL Score - NBT,7,0.3326199622275592,0.3509906944273607,535
Aggregated NHSE OPEL Score - NBT,14,0.325425298213925,0.37368844576202515,528
Aggregated NHSE OPEL Score - NBT,28,0.3144915095808219,0.35763299704367685,514
Aggregated NHSE OPEL Score - WGH,0,0.4119729418277943,0.40714909982323516,560
Aggregated NHSE OPEL Score - WGH,1,0.36460807981700116,0.35088251602111203,559
Aggregated NHSE OPEL Score - WGH,3,0.2870026825364043,0.2728909853533584,557
Aggregated NHSE OPEL Score - WGH,7,0.3877841780474896,0.39000220234650584,553
Aggregated NHSE OPEL Score - WGH,14,0.3883920665372408,0.39985227681421553,546
Aggregated NHSE OPEL Score - WGH,28,0.3277418622523117,0.327318900343627,532
Ambulance Handovers 15mins (Last Hour) - BRI,0,0.29976722642855375,0.3153241462483404,887
Ambulance Handovers 15mins (Last Hour) - BRI,1,0.2915433173820766,0.31154791540758653,886
Ambulance Handovers 15mins (Last Hour) - BRI,3,0.22859843900165974,0.249719621823492,884
Ambulance Handovers 15mins (Last Hour) - BRI,7,0.14802579526552037,0.1475711362296934,880
Ambulance Handovers 15mins (Last Hour) - BRI,14,0.1381411775035841,0.14820278699518638,873
Ambulance Handovers 15mins (Last Hour) - BRI,28,0.06188435971073252,0.0713461373526359,859
Ambulance Handovers 15mins (Last Hour) - BRI (Children's),0,0.061277265219277115,0.08153290049943109,887
Ambulance Handovers 15mins (Last Hour) - BRI (Children's),1,0.0505715000298825,0.06738321025265026,886
Ambulance Handovers 15mins (Last Hour) - BRI (Children's),3,0.06231489873324726,0.08776270943132351,884
Ambulance Handovers 15mins (Last Hour) - BRI (Children's),7,0.06818973538366668,0.07212034393454528,880
Ambulance Handovers 15mins (Last Hour) - BRI (Children's),14,0.060703966378350384,0.054759237841282046,873
Ambulance Handovers 15mins (Last Hour) - BRI (Children's),28,0.018931039717244434,0.03427501756494283,859
Ambulance Handovers 15mins (Last Hour) - NBT,0,0.2927482232751899,0.31473936091194826,880
Ambulance Handovers 15mins (Last Hour) - NBT,1,0.24963110044677025,0.2594382313731549,879
Ambulance Handovers 15mins (Last Hour) - NBT,3,0.15974094159191454,0.16445217938685366,877
Ambulance Handovers 15mins (Last Hour) - NBT,7,0.16748962647874638,0.1592986621375541,873
Ambulance Handovers 15mins (Last Hour) - NBT,14,0.11611456348725631,0.1389433925249958,866
Ambulance Handovers 15mins (Last Hour) - NBT,28,0.07575704472192722,0.08201768180394159,852
Ambulance Handovers 15mins (Last Hour) - WGH,0,0.15179017212596574,0.16931593788461388,887
Ambulance Handovers 15mins (Last Hour) - WGH,1,0.12700820108868072,0.12597781665746027,886
Ambulance Handovers 15mins (Last Hour) - WGH,3,0.070949772515342,0.07213244304237049,884
Ambulance Handovers 15mins (Last Hour) - WGH,7,0.05854887097727761,0.0709947198940296,880
Ambulance Handovers 15mins (Last Hour) - WGH,14,0.01574887451954938,0.013040750223559262,873
Ambulance Handovers 15mins (Last Hour) - WGH,28,-0.0034204564762913632,-0.016090020815827197,859
Ambulance Handovers 15mins (Since Midnight) - BRI,0,0.2378082857959679,0.25426542076433634,887
Ambulance Handovers 15mins (Since Midnight) - BRI,1,0.2600746726391914,0.26338179443428505,886
Ambulance Handovers 15mins (Since Midnight) - BRI,3,0.15084154298817648,0.1660774669786605,884
Ambulance Handovers 15mins (Since Midnight) - BRI,7,0.11428718659768444,0.10136161149540932,880
Ambulance Handovers 15mins (Since Midnight) - BRI,14,0.08552583369317526,0.10276817143369785,873
Ambulance Handovers 15mins (Since Midnight) - BRI,28,0.038635682914961694,0.04227484039589019,859
Ambulance Handovers 15mins (Since Midnight) - BRI (Children's),0,0.02872699704186619,0.05971903742192101,887
Ambulance Handovers 15mins (Since Midnight) - BRI (Children's),1,0.04096241554419569,0.0628814167105409,886
Ambulance Handovers 15mins (Since Midnight) - BRI (Children's),3,0.026032711906179746,0.04447996568114178,884
Ambulance Handovers 15mins (Since Midnight) - BRI (Children's),7,0.03412463913230229,0.025799956363481348,880
Ambulance Handovers 15mins (Since Midnight) - BRI (Children's),14,0.056696699361956204,0.05286022884257063,873
Ambulance Handovers 15mins (Since Midnight) - BRI (Children's),28,0.03305737724394138,0.04534313723844166,859
Ambulance Handovers 15mins (Since Midnight) - NBT,0,0.19268236079321477,0.20640992524303842,880
Ambulance Handovers 15mins (Since Midnight) - NBT,1,0.1349231657368212,0.13288595238919354,879
Ambulance Handovers 15mins (Since Midnight) - NBT,3,0.048259857234224345,0.03541907898543668,877
Ambulance Handovers 15mins (Since Midnight) - NBT,7,0.09391790914629025,0.06997977194316914,873
Ambulance Handovers 15mins (Since Midnight) - NBT,14,0.05077084469946616,0.04982026344954599,866
Ambulance Handovers 15mins (Since Midnight) - NBT,28,0.02839994105985124,0.044598666806683084,852
Ambulance Handovers 15mins (Since Midnight) - WGH,0,0.1295417368597023,0.14087711889585597,887
Ambulance Handovers 15mins (Since Midnight) - WGH,1,0.08365335204484815,0.0864243552956944,886
Ambulance Handovers 15mins (Since Midnight) - WGH,3,0.019529269206464007,0.029817766400438164,884
Ambulance Handovers 15mins (Since Midnight) - WGH,7,0.05893234609654372,0.06693389850218777,880
Ambulance Handovers 15mins (Since Midnight) - WGH,14,0.02434398855031984,0.03429396668795119,873
Ambulance Handovers 15mins (Since Midnight) - WGH,28,0.0072595333700665975,0.02439119455883422,859
Ambulance Handovers 30 mins (Last Hour) - BRI,0,0.419454261629669,0.4268026748234734,887
Ambulance Handovers 30 mins (Last Hour) - BRI,1,0.3740321633937788,0.386563730129985,886
Ambulance Handovers 30 mins (Last Hour) - BRI,3,0.23824243991258215,0.2585549059928602,884
Ambulance Handovers 30 mins (Last Hour) - BRI,7,0.22007835765067624,0.21688749731395768,880
Ambulance Handovers 30 mins (Last Hour) - BRI,14,0.20137881084050097,0.21634460167062206,873
Ambulance Handovers 30 mins (Last Hour) - BRI,28,0.15517010902010134,0.15421729919362967,859
Ambulance Handovers 30 mins (Last Hour) - BRI (Children's),0,0.0030848372047138934,0.009751177757855172,887
Ambulance Handovers 30 mins (Last Hour) - BRI (Children's),1,-0.014493126610336941,-0.021241844757698143,886
Ambulance Handovers 30 mins (Last Hour) - BRI (Children's),3,0.04067178577542264,0.03986585465130394,884
Ambulance Handovers 30 mins (Last Hour) - BRI (Children's),7,0.04175498170661973,0.036654496632038056,880
Ambulance Handovers 30 mins (Last Hour) - BRI (Children's),14,-0.003630469576782963,-0.02445922172017039,873
Ambulance Handovers 30 mins (Last Hour) - BRI (Children's),28,-0.00385936387141448,-0.019521392740052143,859
Ambulance Handovers 30 mins (Last Hour) - NBT,0,0.4755525959766076,0.4774235844811309,880
Ambulance Handovers 30 mins (Last Hour) - NBT,1,0.3856445587669574,0.38565915802995954,879
Ambulance Handovers 30 mins (Last Hour) - NBT,3,0.2664306037158288,0.2410696259983679,877
Ambulance Handovers 30 mins (Last Hour) - NBT,7,0.29199831882151484,0.2794531498093348,873
Ambulance Handovers 30 mins (Last Hour) - NBT,14,0.24509559090511093,0.2549729685092224,866
Ambulance Handovers 30 mins (Last Hour) - NBT,28,0.21008328178259422,0.22124732699220342,852
Ambulance Handovers 30 mins (Last Hour) - WGH,0,0.3453498562057322,0.3269218584274769,887
Ambulance Handovers 30 mins (Last Hour) - WGH,1,0.24760928634857404,0.24619629731238113,886
Ambulance Handovers 30 mins (Last Hour) - WGH,3,0.10871661146797823,0.11382228556956296,884
Ambulance Handovers 30 mins (Last Hour) - WGH,7,0.17539874172337735,0.15997679083806995,880
Ambulance Handovers 30 mins (Last Hour) - WGH,14,0.1539007056324129,0.11894615068315968,873
Ambulance Handovers 30 mins (Last Hour) - WGH,28,0.11220103922628455,0.07763945759198969,859
Ambulance Handovers 30mins (Since Midnight) - BRI,0,0.3830121179743022,0.39921028080575743,887
Ambulance Handovers 30mins (Since Midnight) - BRI,1,0.36696922471132404,0.36408761711261767,886
Ambulance Handovers 30mins (Since Midnight) - BRI,3,0.1824185867712144,0.20206073966274285,884
Ambulance Handovers 30mins (Since Midnight) - BRI,7,0.1994834248620053,0.1982104068500592,880
Ambulance Handovers 30mins (Since Midnight) - BRI,14,0.1675830789571976,0.20342442379559908,873
Ambulance Handovers 30mins (Since Midnight) - BRI,28,0.1394282924538737,0.15533130146868343,859
Ambulance Handovers 30mins (Since Midnight) - BRI (Children's),0,-0.031159629101730663,-0.019091914125322948,887
Ambulance Handovers 30mins (Since Midnight) - BRI (Children's),1,-0.030766068785284605,-0.03466242522647323,886
Ambulance Handovers 30mins (Since Midnight) - BRI (Children's),3,-0.007352188166120423,0.0009058003841736297,884
Ambulance Handovers 30mins (Since Midnight) - BRI (Children's),7,0.03262168669445198,0.002637634712553164,880
Ambulance Handovers 30mins (Since Midnight) - BRI (Children's),14,0.000620104047290313,-0.02681034166803347,873
Ambulance Handovers 30mins (Since Midnight) - BRI (Children's),28,0.02441436709623286,0.009673382148803578,859
Ambulance Handovers 30mins (Since Midnight) - NBT,0,0.4185600077931187,0.4237721173139192,880
Ambulance Handovers 30mins (Since Midnight) - NBT,1,0.32105502197954267,0.33092410148881396,879
Ambulance Handovers 30mins (Since Midnight) - NBT,3,0.21279810017170825,0.18665221702711446,877
Ambulance Handovers 30mins (Since Midnight) - NBT,7,0.26352482451953146,0.24884681306595233,873
Ambulance Handovers 30mins (Since Midnight) - NBT,14,0.20580502724216485,0.2217877375428841,866
Ambulance Handovers 30mins (Since Midnight) - NBT,28,0.18929205873740715,0.2133097536839385,852
Ambulance Handovers 30mins (Since Midnight) - WGH,0,0.2787285183490094,0.2707264991442588,887
Ambulance Handovers 30mins (Since Midnight) - WGH,1,0.17500072126850263,0.17940219252226494,886
Ambulance Handovers 30mins (Since Midnight) - WGH,3,0.05131337894767816,0.07300707799328901,884
Ambulance Handovers 30mins (Since Midnight) - WGH,7,0.14479780221908076,0.1442277276045948,880
Ambulance Handovers 30mins (Since Midnight) - WGH,14,0.1181342480450608,0.11169285868614495,873
Ambulance Handovers 30mins (Since Midnight) - WGH,28,0.08334034146948797,0.06919680803327499,859
Ambulance Handovers 60 mins (Last Hour) - BRI,0,0.4717694210340596,0.466087844912133,887
Ambulance Handovers 60 mins (Last Hour) - BRI,1,0.3939390115768255,0.40245452131753406,886
Ambulance Handovers 60 mins (Last Hour) - BRI,3,0.24982306571513815,0.2715704247658214,884
Ambulance Handovers 60 mins (Last Hour) - BRI,7,0.26084864131917235,0.24116202442674028,880
Ambulance Handovers 60 mins (Last Hour) - BRI,14,0.23752896742077184,0.24490847309908967,873
Ambulance Handovers 60 mins (Last Hour) - BRI,28,0.20344002048722154,0.18649882272218982,859
Ambulance Handovers 60 mins (Last Hour) - BRI (Children's),0,0.0419403093812599,0.035534605293051476,887
Ambulance Handovers 60 mins (Last Hour) - BRI (Children's),1,0.04815803140309356,0.04380392639808331,886
Ambulance Handovers 60 mins (Last Hour) - BRI (Children's),3,0.03402365987871233,0.0334080140517697,884
Ambulance Handovers 60 mins (Last Hour) - BRI (Children's),7,0.09632389040430062,0.07672514976560565,880
Ambulance Handovers 60 mins (Last Hour) - BRI (Children's),14,0.031692393488246914,-0.03234218411181251,873
Ambulance Handovers 60 mins (Last Hour) - BRI (Children's),28,-0.0017378150931302533,-0.012496744451277074,859
Ambulance Handovers 60 mins (Last Hour) - NBT,0,0.5424640590041003,0.523562655971801,880
Ambulance Handovers 60 mins (Last Hour) - NBT,1,0.42759315661089997,0.4265165417697133,879
Ambulance Handovers 60 mins (Last Hour) - NBT,3,0.29184288164121,0.27612167445539454,877
Ambulance Handovers 60 mins (Last Hour) - NBT,7,0.3212800639672899,0.31157572209934387,873
Ambulance Handovers 60 mins (Last Hour) - NBT,14,0.2664185241696147,0.2675536920807188,866
Ambulance Handovers 60 mins (Last Hour) - NBT,28,0.2622312238980992,0.26208350855405027,852
Ambulance Handovers 60 mins (Last Hour) - WGH,0,0.4476852184262655,0.42254328011562886,887
Ambulance Handovers 60 mins (Last Hour) - WGH,1,0.3115992626776367,0.32941865582386687,886
Ambulance Handovers 60 mins (Last Hour) - WGH,3,0.13199880490286858,0.14503258455688514,884
Ambulance Handovers 60 mins (Last Hour) - WGH,7,0.28157653534691807,0.2424924010913651,880
Ambulance Handovers 60 mins (Last Hour) - WGH,14,0.24630044839678122,0.2277121948484251,873
Ambulance Handovers 60 mins (Last Hour) - WGH,28,0.20147618528304662,0.18708851057307235,859
Ambulance Handovers 60mins (Since Midnight) - BRI,0,0.43820188214072175,0.45119442018502254,887
Ambulance Handovers 60mins (Since Midnight) - BRI,1,0.4066776037276791,0.4038980112973441,886
Ambulance Handovers 60mins (Since Midnight) - BRI,3,0.2095202228888536,0.23601324628215292,884
Ambulance Handovers 60mins (Since Midnight) - BRI,7,0.24862686247858679,0.2524086469504118,880
Ambulance Handovers 60mins (Since Midnight) - BRI,14,0.21816641949820412,0.25923161693066576,873
Ambulance Handovers 60mins (Since Midnight) - BRI,28,0.17784068485626395,0.1867975839151653,859
Ambulance Handovers 60mins (Since Midnight) - BRI (Children's),0,0.054674417127158925,0.05569792224044687,887
Ambulance Handovers 60mins (Since Midnight) - BRI (Children's),1,0.05429049363189523,0.06232281600353817,886
Ambulance Handovers 60mins (Since Midnight) - BRI (Children's),3,0.005765165733903471,0.0125113069158773,884
Ambulance Handovers 60mins (Since Midnight) - BRI (Children's),7,0.059068798526658105,0.05583670508025551,880
Ambulance Handovers 60mins (Since Midnight) - BRI (Children's),14,-0.002421666849972109,-0.02704724407709882,873
Ambulance Handovers 60mins (Since Midnight) - BRI (Children's),28,0.0064756734332817815,0.0026367629709639234,859
Ambulance Handovers 60mins (Since Midnight) - NBT,0,0.49141571665255185,0.4918964572745099,880
Ambulance Handovers 60mins (Since Midnight) - NBT,1,0.3645415859635198,0.3915388808773314,879
Ambulance Handovers 60mins (Since Midnight) - NBT,3,0.23613337485919927,0.23330631114134204,877
Ambulance Handovers 60mins (Since Midnight) - NBT,7,0.28410061885989457,0.28417478014002956,873
Ambulance Handovers 60mins (Since Midnight) - NBT,14,0.22814198318938167,0.25275369474025,866
Ambulance Handovers 60mins (Since Midnight) - NBT,28,0.23868901586394883,0.2593415038198306,852
Ambulance Handovers 60mins (Since Midnight) - WGH,0,0.3974482886795813,0.38330853203331655,887
Ambulance Handovers 60mins (Since Midnight) - WGH,1,0.27242788874126955,0.2811438089593478,886
Ambulance Handovers 60mins (Since Midnight) - WGH,3,0.11093716293322323,0.12007467140518582,884
Ambulance Handovers 60mins (Since Midnight) - WGH,7,0.2713123115108297,0.22978429463934527,880
Ambulance Handovers 60mins (Since Midnight) - WGH,14,0.2337698522314637,0.22785418042164507,873
Ambulance Handovers 60mins (Since Midnight) - WGH,28,0.18343823004389054,0.17157004920103747,859
Ambulance Queue - BRI,0,0.3584107111908357,0.35783502736322254,889
Ambulance Queue - BRI,1,0.26525917894009604,0.27841210895050245,888
Ambulance Queue - BRI,3,0.12513348396582644,0.14941232004127267,886
Ambulance Queue - BRI,7,0.13870931588901259,0.1344863251152024,882
Ambulance Queue - BRI,14,0.1147049189227201,0.14746157430043436,875
Ambulance Queue - BRI,28,0.10937450301040368,0.11030690430173073,861
Ambulance Queue - NBT,0,0.5611836232518295,0.5034049902856916,892
Ambulance Queue - NBT,1,0.4299808740159355,0.41471406907809,891
Ambulance Queue - NBT,3,0.2500727828852005,0.24093653951496755,889
Ambulance Queue - NBT,7,0.3131401188547341,0.28943449649293396,885
Ambulance Queue - NBT,14,0.2690788853365278,0.2760332321264092,878
Ambulance Queue - NBT,28,0.2769126799974451,0.2638436423340971,864
Ambulance Queue - WGH,0,0.4733093431716914,0.47493875545131,495
Ambulance Queue - WGH,1,0.35174588453811795,0.3852053588518381,494
Ambulance Queue - WGH,3,0.17581318197689652,0.2306084644759847,492
Ambulance Queue - WGH,7,0.3357856728069473,0.32566254660459315,488
Ambulance Queue - WGH,14,0.3346944007930409,0.3138622060003192,481
Ambulance Queue - WGH,28,0.2563952841306413,0.23203825051185156,467
Ambulances Conveyed to Hospital (Last Hour) - BRI,0,-0.04886097234248991,-0.03973616747573227,887
Ambulances Conveyed to Hospital (Last Hour) - BRI,1,0.03287512425174357,0.04329460213455999,886
Ambulances Conveyed to Hospital (Last Hour) - BRI,3,0.07016065672695834,0.07062043329742769,884
Ambulances Conveyed to Hospital (Last Hour) - BRI,7,-0.019846816445062105,-0.026802608233013996,880
Ambulances Conveyed to Hospital (Last Hour) - BRI,14,-0.03502177957742263,-0.032853097477155827,873
Ambulances Conveyed to Hospital (Last Hour) - BRI,28,-0.08569512271236827,-0.059629826439033994,859
Ambulances Conveyed to Hospital (Last Hour) - BRI (Children's),0,0.10903859746056632,0.1525571099941342,887
Ambulances Conveyed to Hospital (Last Hour) - BRI (Children's),1,0.17634532083949808,0.19740158697906504,886
Ambulances Conveyed to Hospital (Last Hour) - BRI (Children's),3,0.16881055992542293,0.19074964865772248,884
Ambulances Conveyed to Hospital (Last Hour) - BRI (Children's),7,0.17260956509579092,0.171819851536833,880
Ambulances Conveyed to Hospital (Last Hour) - BRI (Children's),14,0.1824616898786697,0.1725274533119162,873
Ambulances Conveyed to Hospital (Last Hour) - BRI (Children's),28,0.11522995637372238,0.11821275869794949,859
Ambulances Conveyed to Hospital (Last Hour) - NBT,0,0.0006696354767178867,-0.017082858349182294,880
Ambulances Conveyed to Hospital (Last Hour) - NBT,1,0.04588356770582458,0.013402265190001981,879
Ambulances Conveyed to Hospital (Last Hour) - NBT,3,0.06197130966590771,0.03705761820960845,877
Ambulances Conveyed to Hospital (Last Hour) - NBT,7,0.03348523123006778,-0.013065215146183407,873
Ambulances Conveyed to Hospital (Last Hour) - NBT,14,-0.001586403625740246,-0.030145713061588565,866
Ambulances Conveyed to Hospital (Last Hour) - NBT,28,-0.027701669766888364,-0.043972903909851396,852
Ambulances Conveyed to Hospital (Last Hour) - WGH,0,0.0157698008048279,0.022503756790039745,887
Ambulances Conveyed to Hospital (Last Hour) - WGH,1,0.04421948134821481,0.03968482102049836,886
Ambulances Conveyed to Hospital (Last Hour) - WGH,3,0.011839979268417187,0.02894943211674377,884
Ambulances Conveyed to Hospital (Last Hour) - WGH,7,-0.037859316045629025,-0.027609623381295103,880
Ambulances Conveyed to Hospital (Last Hour) - WGH,14,-0.04609091075964249,-0.06025904272713994,873
Ambulances Conveyed to Hospital (Last Hour) - WGH,28,-0.04620291687098325,-0.05527239379114152,859
Ambulances Conveyed to Hospital (Since Midnight) - BRI,0,-0.09445670262798306,-0.09340793015743486,887
Ambulances Conveyed to Hospital (Since Midnight) - BRI,1,0.0033926614518974343,0.016836315826180566,886
Ambulances Conveyed to Hospital (Since Midnight) - BRI,3,-0.03664840510855203,-0.0036504866606254537,884
Ambulances Conveyed to Hospital (Since Midnight) - BRI,7,-0.07677888892425833,-0.12133856625374798,880
Ambulances Conveyed to Hospital (Since Midnight) - BRI,14,-0.07825473646712378,-0.07478297099135518,873
Ambulances Conveyed to Hospital (Since Midnight) - BRI,28,-0.09596465060737373,-0.10565102095598448,859
Ambulances Conveyed to Hospital (Since Midnight) - BRI (Children's),0,0.14494729010355262,0.18738566244210525,887
Ambulances Conveyed to Hospital (Since Midnight) - BRI (Children's),1,0.18373761133519917,0.21444178311229764,886
Ambulances Conveyed to Hospital (Since Midnight) - BRI (Children's),3,0.13444523157100813,0.15823437552401895,884
Ambulances Conveyed to Hospital (Since Midnight) - BRI (Children's),7,0.18306766321461643,0.17860125116603945,880
Ambulances Conveyed to Hospital (Since Midnight) - BRI (Children's),14,0.23388168395884362,0.21624973856901336,873
Ambulances Conveyed to Hospital (Since Midnight) - BRI (Children's),28,0.14438298421871235,0.1498834964921655,859
Ambulances Conveyed to Hospital (Since Midnight) - NBT,0,-0.028068948640797918,-0.038259521942104774,880
Ambulances Conveyed to Hospital (Since Midnight) - NBT,1,0.0054501231908522275,0.009906438976403238,879
Ambulances Conveyed to Hospital (Since Midnight) - NBT,3,-0.04000395401060385,-0.03404591249413813,877
Ambulances Conveyed to Hospital (Since Midnight) - NBT,7,0.03280674077876967,0.0010915641394128725,873
Ambulances Conveyed to Hospital (Since Midnight) - NBT,14,-0.0019972150744827534,-0.005845188815752301,866
Ambulances Conveyed to Hospital (Since Midnight) - NBT,28,-0.011277962441667639,-0.00933633758591255,852
Ambulances Conveyed to Hospital (Since Midnight) - WGH,0,0.04597144213859963,0.04108456441380939,887
Ambulances Conveyed to Hospital (Since Midnight) - WGH,1,0.03291291975564384,0.034311368205049333,886
Ambulances Conveyed to Hospital (Since Midnight) - WGH,3,-0.030533030254173695,-0.0016711047919130545,884
Ambulances Conveyed to Hospital (Since Midnight) - WGH,7,-0.010382880754206073,-0.014298091727887461,880
Ambulances Conveyed to Hospital (Since Midnight) - WGH,14,-0.023920494576354416,-0.02007193175234516,873
Ambulances Conveyed to Hospital (Since Midnight) - WGH,28,-0.0007416974865656705,0.009489812049513671,859
Ambulances En Route to Hospital - BNSSG,0,-0.10971405066017068,-0.04023883547822503,879
Ambulances En Route to Hospital - BNSSG,1,-0.13709417727441717,-0.09732051511630413,878
Ambulances En Route to Hospital - BNSSG,3,-0.09274343138687481,-0.06688213408276733,876
Ambulances En Route to Hospital - BNSSG,7,-0.07075870222493184,-0.06153021190297563,872
Ambulances En Route to Hospital - BNSSG,14,-0.05804351246179669,-0.043802966066747585,865
Ambulances En Route to Hospital - BNSSG,28,-0.07955314871571997,-0.050233585570792896,851
Ambulances En Route to Hospital - BRI,0,0.04643831811295591,0.0652852355048409,887
Ambulances En Route to Hospital - BRI,1,0.02600045950518504,0.04985485628971951,886
Ambulances En Route to Hospital - BRI,3,0.05760956500701064,0.07867121282056765,884
Ambulances En Route to Hospital - BRI,7,0.047694755482405954,0.05978662016331858,880
Ambulances En Route to Hospital - BRI,14,0.035385519995506765,0.05317671348084062,873
Ambulances En Route to Hospital - BRI,28,0.012909827337653328,0.023946792462749115,859
Ambulances En Route to Hospital - BRI (Children's),0,0.017717662588867342,0.03582739428075561,887
Ambulances En Route to Hospital - BRI (Children's),1,0.044877358489019956,0.056851934327913405,886
Ambulances En Route to Hospital - BRI (Children's),3,0.08894969894605187,0.11432655261626758,884
Ambulances En Route to Hospital - BRI (Children's),7,0.08025643094141081,0.09089850790664744,880
Ambulances En Route to Hospital - BRI (Children's),14,0.07529673220303741,0.08557553153266262,873
Ambulances En Route to Hospital - BRI (Children's),28,0.06672665872698633,0.06853068912851745,859
Ambulances En Route to Hospital - NBT,0,0.028443999065085452,0.06780352458359319,880
Ambulances En Route to Hospital - NBT,1,-0.020098126764750056,0.00015424477428883874,879
Ambulances En Route to Hospital - NBT,3,0.01763560349715074,0.03513760345146887,877
Ambulances En Route to Hospital - NBT,7,0.04033042158337225,0.05215399207052236,873
Ambulances En Route to Hospital - NBT,14,0.03993856387661373,0.0734064359560742,866
Ambulances En Route to Hospital - NBT,28,0.040313749310300774,0.04217346922713297,852
Ambulances En Route to Hospital - WGH,0,-0.0010181637714470441,0.014775233636576922,887
Ambulances En Route to Hospital - WGH,1,-0.0112715401523044,-0.009505784507574442,886
Ambulances En Route to Hospital - WGH,3,-0.011474688590279761,0.0004272505478224864,884
Ambulances En Route to Hospital - WGH,7,-0.06427481574360948,-0.027487412639801458,880
Ambulances En Route to Hospital - WGH,14,-0.030117715211723198,-0.04997647387125365,873
Ambulances En Route to Hospital - WGH,28,-0.05399793132118033,-0.022133989270162052,859
Ambulances En Route to Hospitals - BNSSG,0,-0.10927221009991203,-0.03979085236704641,878
Ambulances En Route to Hospitals - BNSSG,1,-0.13676274441611153,-0.09697363347205343,877
Ambulances En Route to Hospitals - BNSSG,3,-0.0935857692891842,-0.06739437425569163,875
Ambulances En Route to Hospitals - BNSSG,7,-0.07138947957249547,-0.06164871480374944,871
Ambulances En Route to Hospitals - BNSSG,14,-0.05823717918149573,-0.04371631341540672,864
Ambulances En Route to Hospitals - BNSSG,28,-0.08122070283104106,-0.05171182063785368,850
Ambulances En Route to Hospitals - BRI,0,0.05638418161094573,0.07937799950032216,859
Ambulances En Route to Hospitals - BRI,1,0.03463682345894057,0.06233422598238447,858
Ambulances En Route to Hospitals - BRI,3,0.06262759176086577,0.09171005445266232,856
Ambulances En Route to Hospitals - BRI,7,0.049101916499820514,0.0657332975344404,852
Ambulances En Route to Hospitals - BRI,14,0.03710743185273091,0.05908860295409175,845
Ambulances En Route to Hospitals - BRI,28,0.013496001535962051,0.028974424579436695,831
Ambulances En Route to Hospitals - BRI (Children's),0,0.0208087208059457,0.03969637637192269,879
Ambulances En Route to Hospitals - BRI (Children's),1,0.04721744167831739,0.059071944814500066,878
Ambulances En Route to Hospitals - BRI (Children's),3,0.08937338090638781,0.11491337565687089,876
Ambulances En Route to Hospitals - BRI (Children's),7,0.0807181788726654,0.0918464151109012,872
Ambulances En Route to Hospitals - BRI (Children's),14,0.07416516526693306,0.08467887061474999,865
Ambulances En Route to Hospitals - BRI (Children's),28,0.06623155664847133,0.06816206201765034,851
Ambulances En Route to Hospitals - NBT,0,0.029606219643595347,0.07465456983202666,859
Ambulances En Route to Hospitals - NBT,1,-0.017408973732083183,0.008248488951863437,858
Ambulances En Route to Hospitals - NBT,3,0.021844318661522057,0.04669828409803104,856
Ambulances En Route to Hospitals - NBT,7,0.03796729010879859,0.05448774490775929,852
Ambulances En Route to Hospitals - NBT,14,0.046047851488016434,0.08572633540494783,845
Ambulances En Route to Hospitals - NBT,28,0.03450183324875332,0.03664346408550147,831
Ambulances En Route to Hospitals - WGH,0,-0.00962916954918257,0.007280318148250848,859
Ambulances En Route to Hospitals - WGH,1,-0.016780087810901526,-0.013015947009422579,858
Ambulances En Route to Hospitals - WGH,3,-0.0046484774882338455,0.009943450804126855,856
Ambulances En Route to Hospitals - WGH,7,-0.06498014756450873,-0.027304446430974193,852
Ambulances En Route to Hospitals - WGH,14,-0.03082056793061045,-0.05393451805618489,845
Ambulances En Route to Hospitals - WGH,28,-0.05535270036509105,-0.026038944800990078,831
Answered in 60 seconds Since Midnight that Received (%) - SevernSide,0,-0.08799405056323874,-0.10682034734939687,750
Answered in 60 seconds Since Midnight that Received (%) - SevernSide,1,-0.1584549160158139,-0.16710286801380256,749
Answered in 60 seconds Since Midnight that Received (%) - SevernSide,3,-0.07228721306335086,-0.10798069374517595,747
Answered in 60 seconds Since Midnight that Received (%) - SevernSide,7,-0.04385562885003202,-0.06198946282113324,743
Answered in 60 seconds Since Midnight that Received (%) - SevernSide,14,-0.022527083802438855,-0.04300356021694409,736
Answered in 60 seconds Since Midnight that Received (%) - SevernSide,28,-0.10993336733558542,-0.12225832924449777,722
Answered in 60 seconds Since Midnight that Received - SevernSide,0,0.03613617367859446,0.014888574024131598,750
Answered in 60 seconds Since Midnight that Received - SevernSide,1,0.2016679293682529,0.16238686876619807,749
Answered in 60 seconds Since Midnight that Received - SevernSide,3,0.10085267948384741,0.0669736910970573,747
Answered in 60 seconds Since Midnight that Received - SevernSide,7,0.0731651251179857,0.025526600004236275,743
Answered in 60 seconds Since Midnight that Received - SevernSide,14,0.060794415288298875,0.040651114436689666,736
Answered in 60 seconds Since Midnight that Received - SevernSide,28,0.016700427090739024,-0.019105093902582557,722
Answered in 60 seconds in Last 15 mins (%) - SevernSide,0,-0.04347775982881354,-0.06184233461569075,750
Answered in 60 seconds in Last 15 mins (%) - SevernSide,1,-0.1074310591294207,-0.1255077341864498,749
Answered in 60 seconds in Last 15 mins (%) - SevernSide,3,-0.03281815954581078,-0.06165245947456012,747
Answered in 60 seconds in Last 15 mins (%) - SevernSide,7,0.014671313424890848,-0.011595636699560341,743
Answered in 60 seconds in Last 15 mins (%) - SevernSide,14,0.04879870468108928,0.016492621278895638,736
Answered in 60 seconds in Last 15 mins (%) - SevernSide,28,-0.04088700562867089,-0.06392310140251392,722
Answered in 60 seconds in Last 15 mins - SevernSide,0,-0.004996124630837272,-0.01026588191565143,750
Answered in 60 seconds in Last 15 mins - SevernSide,1,0.13344865875237322,0.11698520154109768,749
Answered in 60 seconds in Last 15 mins - SevernSide,3,0.1530117372525047,0.13207822521911483,747
Answered in 60 seconds in Last 15 mins - SevernSide,7,0.03899580784175871,0.01844338961862066,743
Answered in 60 seconds in Last 15 mins - SevernSide,14,0.04518389240755059,0.02948499393928021,736
Answered in 60 seconds in Last 15 mins - SevernSide,28,-0.016334127828265613,-0.030904639053238238,722
Automated OPEL - BRI,0,0.32214078956282005,0.35378977822992297,560
Automated OPEL - BRI,1,0.2880193171540128,0.30396979621850667,559
Automated OPEL - BRI,3,0.10720805905317819,0.13191915922058228,557
Automated OPEL - BRI,7,0.1927153043586012,0.18961850022549478,553
Automated OPEL - BRI,14,0.14512082468878276,0.16042002168130381,546
Automated OPEL - BRI,28,0.1289982020826792,0.15580470930099807,532
Automated OPEL - NBT,0,0.42169725154570753,0.446105786049583,541
Automated OPEL - NBT,1,0.3353940347130428,0.36422707947971,541
Automated OPEL - NBT,3,0.20597810127876454,0.2275407183106319,539
Automated OPEL - NBT,7,0.2012833101293352,0.20923802809639172,535
Automated OPEL - NBT,14,0.2002854590851833,0.23830650052916308,528
Automated OPEL - NBT,28,0.18594820369508316,0.21216777623589794,514
Automated OPEL - WGH,0,0.0010608145843371878,0.03294955258941606,560
Automated OPEL - WGH,1,-0.047572267384264226,-0.003828723399431285,559
Automated OPEL - WGH,3,-0.07929971004195434,-0.08982452761056742,557
Automated OPEL - WGH,7,-0.012657593653578197,0.053449964625843345,553
Automated OPEL - WGH,14,0.012541063508209785,0.0713655959762133,546
Automated OPEL - WGH,28,-0.004519631805658418,0.029313619379284613,532
Average Handling Time Since Midnight that Received - SevernSide,0,-0.08501851905237359,-0.0492967290408475,750
Average Handling Time Since Midnight that Received - SevernSide,1,-0.13152678302620624,-0.09158991572620653,749
Average Handling Time Since Midnight that Received - SevernSide,3,0.01696070784821941,0.006323756879642755,747
Average Handling Time Since Midnight that Received - SevernSide,7,-0.009839105333039468,0.006279575849381228,743
Average Handling Time Since Midnight that Received - SevernSide,14,0.05288551471322812,0.0529842184069635,736
Average Handling Time Since Midnight that Received - SevernSide,28,-0.0039949484500330645,-0.0004560184947901583,722
Average Handling Time in Last 15 mins - SevernSide,0,-0.043715641429943164,-0.01184154291361615,750
Average Handling Time in Last 15 mins - SevernSide,1,-0.12676677502457837,-0.0710553684488792,749
Average Handling Time in Last 15 mins - SevernSide,3,-0.023644967104242295,-0.02324568321921889,747
Average Handling Time in Last 15 mins - SevernSide,7,0.01623644823209956,0.01813664060033636,743
Average Handling Time in Last 15 mins - SevernSide,14,0.05668340666866648,0.039677329551303715,736
Average Handling Time in Last 15 mins - SevernSide,28,0.027534560825187154,0.011863478987224802,722
Average Speed to Answer Since Midnight that Received - SevernSide,0,0.11391556110265928,0.13594045241638086,750
Average Speed to Answer Since Midnight that Received - SevernSide,1,0.2010892639828691,0.22037330501540955,749
Average Speed to Answer Since Midnight that Received - SevernSide,3,0.09377857340399105,0.12660802294069703,747
Average Speed to Answer Since Midnight that Received - SevernSide,7,0.05443676526893588,0.0693188893905569,743
Average Speed to Answer Since Midnight that Received - SevernSide,14,0.04461189097496044,0.056674671356715695,736
Average Speed to Answer Since Midnight that Received - SevernSide,28,0.12704909359749353,0.12071173541209744,722
Average Speed to Answer in Last 15 mins - SevernSide,0,0.03730416143299232,0.056906071753458354,750
Average Speed to Answer in Last 15 mins - SevernSide,1,0.12896259026812507,0.14246504990561462,749
Average Speed to Answer in Last 15 mins - SevernSide,3,0.06796615783602195,0.09305968541712384,747
Average Speed to Answer in Last 15 mins - SevernSide,7,-0.027849052893858237,0.004470016307172546,743
Average Speed to Answer in Last 15 mins - SevernSide,14,-0.049952391891067476,-0.01966293331172644,736
Average Speed to Answer in Last 15 mins - SevernSide,28,0.026189395095908837,0.052264341825272786,722
Average Time to Assessment - BRI,0,0.11307181880326592,0.1185966654485102,889
Average Time to Assessment - BRI,1,0.2087527595898918,0.19884909099004927,888
Average Time to Assessment - BRI,3,0.07633775343482369,0.10743879198007669,886
Average Time to Assessment - BRI,7,0.0339691703359731,0.03938229794149743,882
Average Time to Assessment - BRI,14,0.02650765272651048,0.04630511483218481,875
Average Time to Assessment - BRI,28,0.03720595349785454,0.03650834070654854,861
Average Time to Assessment - BRI (Children's),0,0.21235962104122252,0.24130895789476609,889
Average Time to Assessment - BRI (Children's),1,0.22343035143176784,0.2515278606557632,888
Average Time to Assessment - BRI (Children's),3,0.1504782954787823,0.19466774460487202,886
Average Time to Assessment - BRI (Children's),7,0.1561419207399066,0.15656440531942573,882
Average Time to Assessment - BRI (Children's),14,0.1964429536969276,0.16958867100766833,875
Average Time to Assessment - BRI (Children's),28,0.09504152516825272,0.09815683657185698,861
Average Time to Assessment - NBT,0,0.1319182635489318,0.12049193804915415,892
Average Time to Assessment - NBT,1,0.14341657294714702,0.15177549242609797,891
Average Time to Assessment - NBT,3,0.10060676356132885,0.10408458632687292,889
Average Time to Assessment - NBT,7,0.101904577177763,0.07200393869657983,885
Average Time to Assessment - NBT,14,0.05821219345998152,0.062150083302627196,878
Average Time to Assessment - NBT,28,0.10167579669427657,0.13329517041296815,864
Average Time to Assessment - WGH,0,0.28423237542201446,0.29476792934849216,886
Average Time to Assessment - WGH,1,0.2682480842057239,0.27254839096312067,885
Average Time to Assessment - WGH,3,0.08414317249650935,0.11813163444169736,883
Average Time to Assessment - WGH,7,0.17080839452993601,0.17902331682033773,879
Average Time to Assessment - WGH,14,0.15689878510241786,0.1678784965683015,872
Average Time to Assessment - WGH,28,0.12295462711690662,0.13629255068223714,859
Average Time to Triage - BRI,0,0.18771848468698174,0.1642663254489777,889
Average Time to Triage - BRI,1,0.15315637492018908,0.15950103136705202,888
Average Time to Triage - BRI,3,0.1267839894578034,0.14233734426567718,886
Average Time to Triage - BRI,7,0.08941345084078091,0.07250979395035555,882
Average Time to Triage - BRI,14,0.05081831277596401,0.06691948878829547,875
Average Time to Triage - BRI,28,0.07678055809736034,0.08830523593393669,861
Average Time to Triage - BRI (Children's),0,0.17422954632404916,0.17126342842061829,889
Average Time to Triage - BRI (Children's),1,0.1497823377447247,0.16594517947204834,888
Average Time to Triage - BRI (Children's),3,0.0794676666708742,0.11485631644212246,886
Average Time to Triage - BRI (Children's),7,0.12524414277279156,0.1255646322565494,882
Average Time to Triage - BRI (Children's),14,0.1311741630408754,0.10769300903824473,875
Average Time to Triage - BRI (Children's),28,0.08317272298704828,0.10322663871338814,861
Average Time to Triage - NBT,0,0.0674912626508872,0.07419974020881641,892
Average Time to Triage - NBT,1,0.03689936632248861,0.04885258454353253,891
Average Time to Triage - NBT,3,0.008145331071423973,-0.00873080315523464,889
Average Time to Triage - NBT,7,0.02819651212624268,0.01991239616620985,885
Average Time to Triage - NBT,14,0.03068452627915002,0.022694407204806085,878
Average Time to Triage - NBT,28,-0.022613848686427667,-0.03689259764267576,864
Average Time to Triage - WGH,0,0.24253218343091706,0.27896969788812886,886
Average Time to Triage - WGH,1,0.07775308759638586,0.09962609151104734,885
Average Time to Triage - WGH,3,0.03504934200182592,0.0390994548177096,883
Average Time to Triage - WGH,7,0.14991967964840755,0.18124095259814665,879
Average Time to Triage - WGH,14,0.11131776718769246,0.12167243536410456,872
Average Time to Triage - WGH,28,0.07391967232798426,0.08998985353459754,859
BRI Complex Discharges - Sirona,0,-0.1598215654286565,-0.16409762476898768,558
BRI Complex Discharges - Sirona,1,-0.22839662638126845,-0.2486169183430154,557
BRI Complex Discharges - Sirona,3,0.09124169472435983,0.07546945914791466,555
BRI Complex Discharges - Sirona,7,-0.15359476754237777,-0.1601453200393139,551
BRI Complex Discharges - Sirona,14,-0.15289959981901344,-0.16959064699213514,544
BRI Complex Discharges - Sirona,28,-0.19321976226039372,-0.1788789390806672,530
BRI NCtR >= 65 years old - Sirona,0,0.30808991930892876,0.34283349397384155,435
BRI NCtR >= 65 years old - Sirona,1,0.3211335934817228,0.3582460964955655,435
BRI NCtR >= 65 years old - Sirona,3,0.3227720081196211,0.3403807625505062,434
BRI NCtR >= 65 years old - Sirona,7,0.2757954783385938,0.3027555817286784,431
BRI NCtR >= 65 years old - Sirona,14,0.2797610790314905,0.3008223263614338,426
BRI NCtR >= 65 years old - Sirona,28,0.23708853145703818,0.21983279135156286,416
BRI NCtR Beddays - Sirona,0,0.23013432156063302,0.22174812358161708,435
BRI NCtR Beddays - Sirona,1,0.2696359028006258,0.26680710308643524,435
BRI NCtR Beddays - Sirona,3,0.11737629445339588,0.13167201368319564,434
BRI NCtR Beddays - Sirona,7,0.15520767789917814,0.147641213981676,431
BRI NCtR Beddays - Sirona,14,0.11211165912260519,0.10515540833293353,426
BRI NCtR Beddays - Sirona,28,0.18914188270094523,0.14762449536798566,416
BRI NCtR Patients - Sirona,0,0.28867394242051875,0.3127288815532527,435
BRI NCtR Patients - Sirona,1,0.29462552542951453,0.3221854919482999,435
BRI NCtR Patients - Sirona,3,0.29638984561757137,0.30635717845575416,434
BRI NCtR Patients - Sirona,7,0.2239553700737894,0.24314261182598257,431
BRI NCtR Patients - Sirona,14,0.2108349818605295,0.22692131826525824,426
BRI NCtR Patients - Sirona,28,0.1619439036885108,0.15214732848354257,416
BRI P0 Discharges - Sirona,0,-0.3185985685302818,-0.3338220508877849,558
BRI P0 Discharges - Sirona,1,-0.25186156337255816,-0.2768786836833515,557
BRI P0 Discharges - Sirona,3,0.07605629201875001,0.09076083980881211,555
BRI P0 Discharges - Sirona,7,-0.2776111823392516,-0.2820665854154405,551
BRI P0 Discharges - Sirona,14,-0.23858670979278937,-0.2586721090423812,544
BRI P0 Discharges - Sirona,28,-0.2980405101522428,-0.3043030822168517,530
BRI P1 NCtR Beddays - Sirona,0,0.27226891283241994,0.2861831114060108,448
BRI P1 NCtR Beddays - Sirona,1,0.2319550584189721,0.25141950023518955,448
BRI P1 NCtR Beddays - Sirona,3,0.1405203751114027,0.1453554876986236,447
BRI P1 NCtR Beddays - Sirona,7,0.19924425349113792,0.19287223026369368,444
BRI P1 NCtR Beddays - Sirona,14,0.1999499859120156,0.17900213257190514,439
BRI P1 NCtR Beddays - Sirona,28,0.10015356496717628,0.10256957625652768,429
BRI P1 NCtR Patients - Sirona,0,0.21041512448002925,0.20281795060251018,435
BRI P1 NCtR Patients - Sirona,1,0.21239851944241223,0.20464000795534396,435
BRI P1 NCtR Patients - Sirona,3,0.20066077679990452,0.1715511019669093,434
BRI P1 NCtR Patients - Sirona,7,0.10410375252131092,0.07540419521816061,431
BRI P1 NCtR Patients - Sirona,14,0.1313905582714594,0.10258981766415116,426
BRI P1 NCtR Patients - Sirona,28,0.05190331717171126,0.015667442127800316,416
BRI P2 NCtR Beddays - Sirona,0,-0.1061172902110441,-0.09333524922633105,437
BRI P2 NCtR Beddays - Sirona,1,-0.1093524392634848,-0.08910616987533711,437
BRI P2 NCtR Beddays - Sirona,3,-0.18846818529944306,-0.1705898829698984,436
BRI P2 NCtR Beddays - Sirona,7,-0.13780987061937214,-0.128635930186847,433
BRI P2 NCtR Beddays - Sirona,14,-0.19796895621461486,-0.19211640596583218,428
BRI P2 NCtR Beddays - Sirona,28,-0.21631540687417983,-0.24180385270229962,418
BRI P2 NCtR Patients - Sirona,0,0.02491759985394344,0.08302866787762411,435
BRI P2 NCtR Patients - Sirona,1,0.031580107236130375,0.08972419207793149,435
BRI P2 NCtR Patients - Sirona,3,0.04007666086504709,0.08950025753839733,434
BRI P2 NCtR Patients - Sirona,7,0.035776230893655475,0.09042611553059379,431
BRI P2 NCtR Patients - Sirona,14,-0.01389057682412487,0.042170389042720344,426
BRI P2 NCtR Patients - Sirona,28,-0.10524400158992667,-0.09360862523043004,416
BRI P3 NCtR Beddays - Sirona,0,-0.378524840157533,-0.4190468563344173,440
BRI P3 NCtR Beddays - Sirona,1,-0.3446312038175402,-0.3896175394122772,440
BRI P3 NCtR Beddays - Sirona,3,-0.38680113928750864,-0.46776660680191634,439
BRI P3 NCtR Beddays - Sirona,7,-0.36621086215537435,-0.4405111671991721,436
BRI P3 NCtR Beddays - Sirona,14,-0.3715687833868476,-0.42579381833048663,431
BRI P3 NCtR Beddays - Sirona,28,-0.2382215353990089,-0.3215132147138523,421
BRI P3 NCtR Patients - Sirona,0,-0.2956641002669171,-0.31467207629614685,435
BRI P3 NCtR Patients - Sirona,1,-0.27938313714864726,-0.303709588953263,435
BRI P3 NCtR Patients - Sirona,3,-0.3242385152383377,-0.325949411309991,434
BRI P3 NCtR Patients - Sirona,7,-0.2930559057135613,-0.30627452856061216,431
BRI P3 NCtR Patients - Sirona,14,-0.3449378537662205,-0.36875312434101615,426
BRI P3 NCtR Patients - Sirona,28,-0.3372542986021222,-0.3613976902842425,416
Bed Occupancy Adult - AWP,0,0.010230784128081457,0.03751658246764265,327
Bed Occupancy Adult - AWP,1,0.06480347420868901,0.0761281781481668,327
Bed Occupancy Adult - AWP,3,0.02425465360343475,0.015035160813134114,326
Bed Occupancy Adult - AWP,7,0.02099701363699079,0.06684566441087715,323
Bed Occupancy Adult - AWP,14,-0.000491384453126365,0.04016722729044963,318
Bed Occupancy Adult - AWP,28,0.02156424268989087,0.025194584280056494,309
Bed Occupancy PICU - AWP,0,0.015900701419911154,-0.015240799651770536,327
Bed Occupancy PICU - AWP,1,0.03321385615544708,-0.030912206773126203,327
Bed Occupancy PICU - AWP,3,-0.1367872353738395,-0.15721741343197415,326
Bed Occupancy PICU - AWP,7,-0.040178541089828185,-0.06036909623048668,323
Bed Occupancy PICU - AWP,14,0.036818059120003695,0.005309970906819739,318
Bed Occupancy PICU - AWP,28,0.02836141248198798,0.009375180244437684,309
Beds occupied by long-stay patients (21+ days) - BRI,0,0.18057717412637012,0.20953188517319946,929
Beds occupied by long-stay patients (21+ days) - BRI,1,0.17987567683820826,0.19726003537368295,929
Beds occupied by long-stay patients (21+ days) - BRI,3,0.10416815279880196,0.09496947035227665,927
Beds occupied by long-stay patients (21+ days) - BRI,7,0.11708460898213242,0.1041270397945564,923
Beds occupied by long-stay patients (21+ days) - BRI,14,0.08816880678374682,0.07710288230738904,916
Beds occupied by long-stay patients (21+ days) - BRI,28,0.050233521065690824,0.012013216939259242,902
Beds occupied by long-stay patients (21+ days) - NBT,0,0.2270242400060283,0.2666532227657724,923
Beds occupied by long-stay patients (21+ days) - NBT,1,0.24381980177050186,0.29459020503193634,923
Beds occupied by long-stay patients (21+ days) - NBT,3,0.10844267827183877,0.1708587265974416,921
Beds occupied by long-stay patients (21+ days) - NBT,7,0.10884307111616524,0.1747097615229261,917
Beds occupied by long-stay patients (21+ days) - NBT,14,0.09849000200096848,0.13829720112780505,910
Beds occupied by long-stay patients (21+ days) - NBT,28,0.04178907555833293,0.05830908847593173,896
Calls Abandoned After Threshold Since Midnight that Received (%) - SevernSide,0,0.08241249399861005,0.06578694750528843,750
Calls Abandoned After Threshold Since Midnight that Received (%) - SevernSide,1,0.1673641402259937,0.12258512908884892,749
Calls Abandoned After Threshold Since Midnight that Received (%) - SevernSide,3,0.046414329935980984,0.069717164663427,747
Calls Abandoned After Threshold Since Midnight that Received (%) - SevernSide,7,-0.004779441957294136,-0.004160085932982289,743
Calls Abandoned After Threshold Since Midnight that Received (%) - SevernSide,14,-0.018498796628332544,0.016265226454365518,736
Calls Abandoned After Threshold Since Midnight that Received (%) - SevernSide,28,0.04418252348507324,0.07245712467801611,722
Calls Abandoned After Threshold Since Midnight that Received - SevernSide,0,0.09849122104245396,0.0769802886902362,750
Calls Abandoned After Threshold Since Midnight that Received - SevernSide,1,0.19201429584314356,0.1451861006046397,749
Calls Abandoned After Threshold Since Midnight that Received - SevernSide,3,0.023180968256480566,0.07152537617884945,747
Calls Abandoned After Threshold Since Midnight that Received - SevernSide,7,0.028957910708151617,0.013793254671871983,743
Calls Abandoned After Threshold Since Midnight that Received - SevernSide,14,0.010037681582499893,0.021437406818876605,736
Calls Abandoned After Threshold Since Midnight that Received - SevernSide,28,0.04591608702335014,0.06140411351639861,722
Calls Abandoned After Threshold in Last 15 mins (%) - SevernSide,0,0.019133683928588004,0.01219960894181314,750
Calls Abandoned After Threshold in Last 15 mins (%) - SevernSide,1,0.11858895077843687,0.0765415448282219,749
Calls Abandoned After Threshold in Last 15 mins (%) - SevernSide,3,0.0560589950436726,0.05499362967437708,747
Calls Abandoned After Threshold in Last 15 mins (%) - SevernSide,7,-0.04785629247831495,-0.025538591129614957,743
Calls Abandoned After Threshold in Last 15 mins (%) - SevernSide,14,-0.0645285491959448,-0.03492978047859613,736
Calls Abandoned After Threshold in Last 15 mins (%) - SevernSide,28,-0.004950093518549874,0.03845017205936312,722
Calls Abandoned After Threshold in Last 15 mins - SevernSide,0,-0.008320420857590003,0.0063811312120001275,750
Calls Abandoned After Threshold in Last 15 mins - SevernSide,1,0.11782657145355879,0.08671672776699686,749
Calls Abandoned After Threshold in Last 15 mins - SevernSide,3,0.05889896151400457,0.05258188264047652,747
Calls Abandoned After Threshold in Last 15 mins - SevernSide,7,-0.06534565069776484,-0.04041903641629654,743
Calls Abandoned After Threshold in Last 15 mins - SevernSide,14,-0.08301482587268788,-0.04323029339609687,736
Calls Abandoned After Threshold in Last 15 mins - SevernSide,28,-0.03640262886148259,0.011825791625395472,722
Calls Abandoned Before Threshold Since Midnight that Received - SevernSide,0,-0.057558216946913064,-0.13306728341732288,750
Calls Abandoned Before Threshold Since Midnight that Received - SevernSide,1,0.03214389417816883,-0.04349890034118877,749
Calls Abandoned Before Threshold Since Midnight that Received - SevernSide,3,-0.14983093316991608,-0.16874023495843316,747
Calls Abandoned Before Threshold Since Midnight that Received - SevernSide,7,-0.1333693178959875,-0.2228173503301117,743
Calls Abandoned Before Threshold Since Midnight that Received - SevernSide,14,-0.17367166018624786,-0.2401758748952167,736
Calls Abandoned Before Threshold Since Midnight that Received - SevernSide,28,-0.14534035887450475,-0.23692928845782782,722
Calls Abandoned Before Threshold in Last 15 mins - SevernSide,0,-0.15384769181169983,-0.2145376611691921,750
Calls Abandoned Before Threshold in Last 15 mins - SevernSide,1,-0.02877962529764166,-0.1107897090001321,749
Calls Abandoned Before Threshold in Last 15 mins - SevernSide,3,-0.10726694042295175,-0.14573883864545134,747
Calls Abandoned Before Threshold in Last 15 mins - SevernSide,7,-0.2169100542941721,-0.27393324426366,743
Calls Abandoned Before Threshold in Last 15 mins - SevernSide,14,-0.25285771100585697,-0.2964895552085808,736
Calls Abandoned Before Threshold in Last 15 mins - SevernSide,28,-0.2289657448401883,-0.3065316045422389,722
Calls Answered Since Midnight that Received - SevernSide,0,0.10432267594949125,0.10353994094652488,750
Calls Answered Since Midnight that Received - SevernSide,1,0.3443006389210781,0.34093891336624765,749
Calls Answered Since Midnight that Received - SevernSide,3,0.15595713982662346,0.1609316110825061,747
Calls Answered Since Midnight that Received - SevernSide,7,0.11595902250717068,0.07319612078021337,743
Calls Answered Since Midnight that Received - SevernSide,14,0.09859363470762297,0.10008795083626286,736
Calls Answered Since Midnight that Received - SevernSide,28,0.07644433781026595,0.05607873246531784,722
Calls Answered in Last 15 mins - SevernSide,0,0.011298605366489332,0.011453913713267056,750
Calls Answered in Last 15 mins - SevernSide,1,0.24951016137905602,0.25744390302177356,749
Calls Answered in Last 15 mins - SevernSide,3,0.24315880020328684,0.24149783280437745,747
Calls Answered in Last 15 mins - SevernSide,7,0.030968048098469612,0.0048419976238976686,743
Calls Answered in Last 15 mins - SevernSide,14,0.021503334888873394,0.02079849115959779,736
Calls Answered in Last 15 mins - SevernSide,28,-0.006561010865524183,-0.022512016250962382,722
Calls Offered Since Midnight that Received - SevernSide,0,0.11274371141439538,0.12220887322052304,750
Calls Offered Since Midnight that Received - SevernSide,1,0.3823277266256104,0.3912911817009657,749
Calls Offered Since Midnight that Received - SevernSide,3,0.1295397076267201,0.1577387982020669,747
Calls Offered Since Midnight that Received - SevernSide,7,0.09514135438969204,0.07096525913548128,743
Calls Offered Since Midnight that Received - SevernSide,14,0.06704416164073967,0.08153779804601556,736
Calls Offered Since Midnight that Received - SevernSide,28,0.058999047864881776,0.05071209347318858,722
Calls Offered in Last 15 mins - SevernSide,0,-0.021927391056797474,-0.03084781203862207,750
Calls Offered in Last 15 mins - SevernSide,1,0.27798407718204937,0.2854159462314044,749
Calls Offered in Last 15 mins - SevernSide,3,0.23977754114744265,0.25806826004068617,747
Calls Offered in Last 15 mins - SevernSide,7,-0.030675619204726296,-0.058800472187133884,743
Calls Offered in Last 15 mins - SevernSide,14,-0.05233242836177857,-0.06110023662841075,736
Calls Offered in Last 15 mins - SevernSide,28,-0.06294187447116045,-0.0816613397505689,722
Capacity (Available Slots Today) - NHS @ Home,0,0.2407399411866005,0.24223099145196045,523
Capacity (Available Slots Today) - NHS @ Home,1,0.18753208379512118,0.18080755021500475,523
Capacity (Available Slots Today) - NHS @ Home,3,0.10726623195686363,0.09484090927440318,523
Capacity (Available Slots Today) - NHS @ Home,7,0.2142434159962444,0.18483028370225107,521
Capacity (Available Slots Today) - NHS @ Home,14,0.167498024756686,0.1811114111331837,517
Capacity (Available Slots Today) - NHS @ Home,28,0.2046908712290254,0.16943462147904756,510
Category 1 - BNSSG 90th Response (Last Hour) - BNSSG,0,0.10519423786742071,0.1095458204651261,879
Category 1 - BNSSG 90th Response (Last Hour) - BNSSG,1,0.08317265704555671,0.09910669813772204,878
Category 1 - BNSSG 90th Response (Last Hour) - BNSSG,3,0.08265196894776178,0.08600067542124662,876
Category 1 - BNSSG 90th Response (Last Hour) - BNSSG,7,0.07955507484546942,0.08571755707051319,872
Category 1 - BNSSG 90th Response (Last Hour) - BNSSG,14,0.019888096460859307,0.026257331604148806,865
Category 1 - BNSSG 90th Response (Last Hour) - BNSSG,28,0.06043238210431856,0.04538383217723937,851
Category 1 - BNSSG Mean Response (Since Midnight) - BNSSG,0,0.18487641003999022,0.18835792796857173,879
Category 1 - BNSSG Mean Response (Since Midnight) - BNSSG,1,0.12584891171622875,0.1270305535588363,878
Category 1 - BNSSG Mean Response (Since Midnight) - BNSSG,3,0.08945883443966263,0.0836500627454842,876
Category 1 - BNSSG Mean Response (Since Midnight) - BNSSG,7,0.10474574567705162,0.10855368025520168,872
Category 1 - BNSSG Mean Response (Since Midnight) - BNSSG,14,0.06030888612198626,0.05692049050849273,865
Category 1 - BNSSG Mean Response (Since Midnight) - BNSSG,28,0.09284104178053251,0.07415353396128412,851
Category 2 - BNSSG 90th Response (Last Hour) - BNSSG,0,0.4840268337855918,0.4172827016496846,879
Category 2 - BNSSG 90th Response (Last Hour) - BNSSG,1,0.4490887763913524,0.40563109663487573,878
Category 2 - BNSSG 90th Response (Last Hour) - BNSSG,3,0.27820962815261396,0.27553414638977075,876
Category 2 - BNSSG 90th Response (Last Hour) - BNSSG,7,0.28328341839331517,0.22747778133354665,872
Category 2 - BNSSG 90th Response (Last Hour) - BNSSG,14,0.22990844212332,0.20844136448929668,865
Category 2 - BNSSG 90th Response (Last Hour) - BNSSG,28,0.28615667207207174,0.24547717871247707,851
Category 2 - BNSSG Mean Response (Since Midnight) - BNSSG,0,0.5209101271023421,0.45611358307403993,879
Category 2 - BNSSG Mean Response (Since Midnight) - BNSSG,1,0.47706857592553786,0.44214859777897125,878
Category 2 - BNSSG Mean Response (Since Midnight) - BNSSG,3,0.28745617248006006,0.2964769519665509,876
Category 2 - BNSSG Mean Response (Since Midnight) - BNSSG,7,0.31004980988775327,0.26178469788009245,872
Category 2 - BNSSG Mean Response (Since Midnight) - BNSSG,14,0.24620822334457518,0.23059430627680103,865
Category 2 - BNSSG Mean Response (Since Midnight) - BNSSG,28,0.3171938395354421,0.27256347374354656,851
Category 3 - BNSSG 90th Response (Last Hour) - BNSSG,0,0.48754924063450533,0.4605314203083334,879
Category 3 - BNSSG 90th Response (Last Hour) - BNSSG,1,0.48104951056375156,0.456176304428247,878
Category 3 - BNSSG 90th Response (Last Hour) - BNSSG,3,0.3554860037217825,0.31601468268224486,876
Category 3 - BNSSG 90th Response (Last Hour) - BNSSG,7,0.3129937573130034,0.2689872415454756,872
Category 3 - BNSSG 90th Response (Last Hour) - BNSSG,14,0.2620501221292404,0.2224193502931705,865
Category 3 - BNSSG 90th Response (Last Hour) - BNSSG,28,0.28331179858348343,0.23813586433232703,851
Category 3 - BNSSG Mean Response (Since Midnight) - BNSSG,0,0.4859791264181761,0.4549195453803351,879
Category 3 - BNSSG Mean Response (Since Midnight) - BNSSG,1,0.484235855428996,0.4563421468485698,878
Category 3 - BNSSG Mean Response (Since Midnight) - BNSSG,3,0.3787463062141361,0.3183950444831718,876
Category 3 - BNSSG Mean Response (Since Midnight) - BNSSG,7,0.3203292019258146,0.2740417802728024,872
Category 3 - BNSSG Mean Response (Since Midnight) - BNSSG,14,0.26914319356999844,0.2283361960660416,865
Category 3 - BNSSG Mean Response (Since Midnight) - BNSSG,28,0.29922087887867854,0.24211757306818724,851
Category 4 - BNSSG 90th Response (Last Hour) - BNSSG,0,0.14210268671512344,0.13630046134815277,648
Category 4 - BNSSG 90th Response (Last Hour) - BNSSG,1,0.11672171842508314,0.11546358490552466,647
Category 4 - BNSSG 90th Response (Last Hour) - BNSSG,3,0.06469555973882174,0.09168876989300408,645
Category 4 - BNSSG 90th Response (Last Hour) - BNSSG,7,0.12490892377567873,0.10002840158982942,642
Category 4 - BNSSG 90th Response (Last Hour) - BNSSG,14,0.05868626894622452,0.05308893054271467,636
Category 4 - BNSSG 90th Response (Last Hour) - BNSSG,28,0.09346314005655723,0.07837028918426582,624
Category 4 - BNSSG Mean Response (Since Midnight) - BNSSG,0,0.15328740366882118,0.15589244057464313,648
Category 4 - BNSSG Mean Response (Since Midnight) - BNSSG,1,0.11305042574007666,0.11101336677518381,647
Category 4 - BNSSG Mean Response (Since Midnight) - BNSSG,3,0.07457843712686052,0.10139405163005027,645
Category 4 - BNSSG Mean Response (Since Midnight) - BNSSG,7,0.14368444546120937,0.10757432491029212,642
Category 4 - BNSSG Mean Response (Since Midnight) - BNSSG,14,0.08458349624473863,0.06820768452478651,636
Category 4 - BNSSG Mean Response (Since Midnight) - BNSSG,28,0.09181675180135683,0.08138259230168557,624
Clinical Escalation Level (BrisDoc) - SevernSide,0,0.10434655856280102,0.09862205264782085,854
Clinical Escalation Level (BrisDoc) - SevernSide,1,0.3275362606639848,0.3163520828886367,853
Clinical Escalation Level (BrisDoc) - SevernSide,3,0.14536378484092918,0.21129197389446658,851
Clinical Escalation Level (BrisDoc) - SevernSide,7,0.08333247478027583,0.06607110026574874,847
Clinical Escalation Level (BrisDoc) - SevernSide,14,0.042190274198536035,0.04215384863987911,840
Clinical Escalation Level (BrisDoc) - SevernSide,28,0.06297543499969468,0.04338527044073909,826
Closed TOC Docs to all pathways - Sirona,0,-0.031081005687531468,-0.015114500855453444,912
Closed TOC Docs to all pathways - Sirona,1,-0.14827548551186148,-0.1599198197707037,912
Closed TOC Docs to all pathways - Sirona,3,0.036575575364061606,0.017686686806264066,910
Closed TOC Docs to all pathways - Sirona,7,-0.06806875594165859,-0.05263590895378509,906
Closed TOC Docs to all pathways - Sirona,14,-0.04541414166315108,-0.033227470109469234,899
Closed TOC Docs to all pathways - Sirona,28,-0.08048700283320206,-0.07017169020927863,885
Cohorting & Reverse Queue - BRI,0,0.6202736097504127,0.6377082798037713,883
Cohorting & Reverse Queue - BRI,1,0.4855108851530722,0.4910681549271387,882
Cohorting & Reverse Queue - BRI,3,0.34593020413119707,0.33198110983025597,880
Cohorting & Reverse Queue - BRI,7,0.4019632622050996,0.40719826489023664,876
Cohorting & Reverse Queue - BRI,14,0.38427543342218073,0.410408686474624,869
Cohorting & Reverse Queue - BRI,28,0.357668778984904,0.3608733052094595,855
Cohorting & Reverse Queue - NBT,0,0.5392335371384054,0.5324297124787819,892
Cohorting & Reverse Queue - NBT,1,0.4393872372055269,0.436984696795216,891
Cohorting & Reverse Queue - NBT,3,0.31080620964000366,0.3029960390905901,889
Cohorting & Reverse Queue - NBT,7,0.3436239286142164,0.3491621110327831,885
Cohorting & Reverse Queue - NBT,14,0.3309197818046708,0.3323456978583428,878
Cohorting & Reverse Queue - NBT,28,0.27203783218144256,0.30864181348698005,864
Cohorting & Reverse Queue - WGH,0,0.5120322370908205,0.48657600359522596,761
Cohorting & Reverse Queue - WGH,1,0.3847566198853875,0.3682334667019514,760
Cohorting & Reverse Queue - WGH,3,0.17125747353020723,0.18739362615209668,758
Cohorting & Reverse Queue - WGH,7,0.34207501957644054,0.30597743161875607,754
Cohorting & Reverse Queue - WGH,14,0.2733968979513182,0.26241282443315844,747
Cohorting & Reverse Queue - WGH,28,0.19225581776238057,0.18593398743538736,733
Critical Care beds - Adult critical care beds occupied - BRI,0,0.32428395216077854,0.3325071904277524,929
Critical Care beds - Adult critical care beds occupied - BRI,1,0.2489232075125233,0.25242257439178795,929
Critical Care beds - Adult critical care beds occupied - BRI,3,0.10344799696502603,0.099065913567109,927
Critical Care beds - Adult critical care beds occupied - BRI,7,0.17658097122109628,0.19236386768944905,923
Critical Care beds - Adult critical care beds occupied - BRI,14,0.23702355083824078,0.2580708065624394,916
Critical Care beds - Adult critical care beds occupied - BRI,28,0.1481058347990546,0.17077829166035063,902
Critical Care beds - Adult critical care beds occupied - WGH,0,0.2150578448365931,0.21787494651617068,921
Critical Care beds - Adult critical care beds occupied - WGH,1,0.18982288534164196,0.20123304748546852,921
Critical Care beds - Adult critical care beds occupied - WGH,3,0.10140056077717537,0.1150247243991814,919
Critical Care beds - Adult critical care beds occupied - WGH,7,0.15110403050872176,0.1412408426223971,915
Critical Care beds - Adult critical care beds occupied - WGH,14,0.17259158709448047,0.15679255493788508,908
Critical Care beds - Adult critical care beds occupied - WGH,28,0.11002491230142183,0.09939095154953784,894
Critical Care beds - Neonatal intensive care cots occupied - BRI,0,0.14782833264491835,0.16329813396103765,929
Critical Care beds - Neonatal intensive care cots occupied - BRI,1,0.14258754810741012,0.16675093577909644,929
Critical Care beds - Neonatal intensive care cots occupied - BRI,3,0.10215807132661034,0.11472662569433299,927
Critical Care beds - Neonatal intensive care cots occupied - BRI,7,0.09031701952763928,0.14613095142255814,923
Critical Care beds - Neonatal intensive care cots occupied - BRI,14,0.1733435776312445,0.22365187749372697,916
Critical Care beds - Neonatal intensive care cots occupied - BRI,28,0.2266023252309688,0.24810026692183812,902
Critical Care beds - Paediatric intensive care beds occupied - BRI,0,0.20495331901914407,0.24736391752261125,929
Critical Care beds - Paediatric intensive care beds occupied - BRI,1,0.134171918549305,0.16986056037427397,929
Critical Care beds - Paediatric intensive care beds occupied - BRI,3,0.09150351277006806,0.13194820252779996,927
Critical Care beds - Paediatric intensive care beds occupied - BRI,7,0.114501483464404,0.1615578107288339,923
Critical Care beds - Paediatric intensive care beds occupied - BRI,14,0.13477041631410067,0.17466933948300303,916
Critical Care beds - Paediatric intensive care beds occupied - BRI,28,0.1439438357584922,0.18784800281896014,902
DOS Status at 10am - Sirona,0,-0.024491388154358577,0.037121439635552894,452
DOS Status at 10am - Sirona,1,-0.04669723515002567,-0.024631836486640735,451
DOS Status at 10am - Sirona,3,-0.0428069719948561,-0.0032541986426858713,450
DOS Status at 10am - Sirona,7,-0.042297821639487594,-0.008918519603077947,447
DOS Status at 10am - Sirona,14,0.003496967777052083,0.020407597755984046,442
DOS Status at 10am - Sirona,28,0.04250115482711854,0.024278106876369738,433
Deficit of Discharges at 1100 - With Definite Discharges Known - BRI,0,0.5480142607988976,0.5751092333929464,920
Deficit of Discharges at 1100 - With Definite Discharges Known - BRI,1,0.3334432861480379,0.3417118451121362,920
Deficit of Discharges at 1100 - With Definite Discharges Known - BRI,3,0.09591596582120776,0.08225748742777415,918
Deficit of Discharges at 1100 - With Definite Discharges Known - BRI,7,0.33357049033961533,0.36046762533082477,914
Deficit of Discharges at 1100 - With Definite Discharges Known - BRI,14,0.3401715180251127,0.36815384713689675,907
Deficit of Discharges at 1100 - With Definite Discharges Known - BRI,28,0.27339428079094746,0.30702285271132396,893
Deficit of Discharges at 1100 - With Definite and Potential Discharges Identified - BRI,0,0.5613605899921,0.5831496287339926,920
Deficit of Discharges at 1100 - With Definite and Potential Discharges Identified - BRI,1,0.4121690996332166,0.4224485397278276,920
Deficit of Discharges at 1100 - With Definite and Potential Discharges Identified - BRI,3,0.1555944727261136,0.1419245283530365,918
Deficit of Discharges at 1100 - With Definite and Potential Discharges Identified - BRI,7,0.3209307485360082,0.34086115092470703,914
Deficit of Discharges at 1100 - With Definite and Potential Discharges Identified - BRI,14,0.33452864671202376,0.3662931572464606,907
Deficit of Discharges at 1100 - With Definite and Potential Discharges Identified - BRI,28,0.2746140949549143,0.29375790243269545,893
Delayed TOC Docs to all Pathways - Sirona,0,0.02998317260411478,0.02599598131266464,824
Delayed TOC Docs to all Pathways - Sirona,1,-0.09828292082939154,-0.08900994227345337,824
Delayed TOC Docs to all Pathways - Sirona,3,0.04306388393466278,0.0268848885516634,822
Delayed TOC Docs to all Pathways - Sirona,7,-0.03951748934587571,-0.029592911993865913,818
Delayed TOC Docs to all Pathways - Sirona,14,0.0043265490059507545,0.010075945337076545,811
Delayed TOC Docs to all Pathways - Sirona,28,-0.007997959085020887,-0.01725293004742366,797
DtA Community P2 Bed Occupied - Sirona,0,0.10141760334226885,0.11891437229834005,912
DtA Community P2 Bed Occupied - Sirona,1,0.1157428256243878,0.1324632536660099,912
DtA Community P2 Bed Occupied - Sirona,3,0.1300685936727707,0.14388870790170438,910
DtA Community P2 Bed Occupied - Sirona,7,0.11385290397995947,0.12984121202979176,906
DtA Community P2 Bed Occupied - Sirona,14,0.11488620506024315,0.1245095023587488,899
DtA Community P2 Bed Occupied - Sirona,28,0.11224391901025754,0.10569370071155637,885
"DtA P1 BOOKED AND UN-BOOKED Waiting for capacity, medically fit and NOT in an acute - Sirona",0,0.09865234415530401,0.09681291198626624,912
"DtA P1 BOOKED AND UN-BOOKED Waiting for capacity, medically fit and NOT in an acute - Sirona",1,0.07161401516970543,0.07953494999635267,912
"DtA P1 BOOKED AND UN-BOOKED Waiting for capacity, medically fit and NOT in an acute - Sirona",3,0.14175986788941042,0.09476919504880349,910
"DtA P1 BOOKED AND UN-BOOKED Waiting for capacity, medically fit and NOT in an acute - Sirona",7,0.09252565308850343,0.07968766515060308,906
"DtA P1 BOOKED AND UN-BOOKED Waiting for capacity, medically fit and NOT in an acute - Sirona",14,0.045802525834846314,0.020222238114644613,899
"DtA P1 BOOKED AND UN-BOOKED Waiting for capacity, medically fit and NOT in an acute - Sirona",28,-0.018219244701174905,-0.02183366970489197,885
"DtA P1 BOOKED AND UN-BOOKED Waiting for capacity, medically fit and ready to leave ACUTE - Sirona",0,0.27771289256569237,0.26173943538341404,912
"DtA P1 BOOKED AND UN-BOOKED Waiting for capacity, medically fit and ready to leave ACUTE - Sirona",1,0.27886582083148376,0.26516091270244063,912
"DtA P1 BOOKED AND UN-BOOKED Waiting for capacity, medically fit and ready to leave ACUTE - Sirona",3,0.30631531865080663,0.31571065687717126,910
"DtA P1 BOOKED AND UN-BOOKED Waiting for capacity, medically fit and ready to leave ACUTE - Sirona",7,0.247448697094702,0.23693127727693422,906
"DtA P1 BOOKED AND UN-BOOKED Waiting for capacity, medically fit and ready to leave ACUTE - Sirona",14,0.21083466165694106,0.19621892646229644,899
"DtA P1 BOOKED AND UN-BOOKED Waiting for capacity, medically fit and ready to leave ACUTE - Sirona",28,0.15999374109164907,0.17252257043787306,885
"DtA P1 BOOKED Waiting for capacity, medically fit and NOT in an acute - Sirona",0,0.11713876147201596,0.11412013122265567,912
"DtA P1 BOOKED Waiting for capacity, medically fit and NOT in an acute - Sirona",1,0.08605995692789228,0.09241795927226529,912
"DtA P1 BOOKED Waiting for capacity, medically fit and NOT in an acute - Sirona",3,0.16647994846695366,0.11879538573817872,910
"DtA P1 BOOKED Waiting for capacity, medically fit and NOT in an acute - Sirona",7,0.09202265236348367,0.08645224809537279,906
"DtA P1 BOOKED Waiting for capacity, medically fit and NOT in an acute - Sirona",14,0.04732289434871316,0.03236502069231186,899
"DtA P1 BOOKED Waiting for capacity, medically fit and NOT in an acute - Sirona",28,0.00998337392592455,0.009277947221689873,885
"DtA P1 BOOKED Waiting for capacity, medically fit and ready to leave ACUTE - Sirona",0,0.22672617203739334,0.21786299241161455,912
"DtA P1 BOOKED Waiting for capacity, medically fit and ready to leave ACUTE - Sirona",1,0.22022181241615302,0.21735026042128242,912
"DtA P1 BOOKED Waiting for capacity, medically fit and ready to leave ACUTE - Sirona",3,0.25356844890997743,0.2634365246701712,910
"DtA P1 BOOKED Waiting for capacity, medically fit and ready to leave ACUTE - Sirona",7,0.1906432774723189,0.19658297479586986,906
"DtA P1 BOOKED Waiting for capacity, medically fit and ready to leave ACUTE - Sirona",14,0.17841249983548702,0.19056205043636398,899
"DtA P1 BOOKED Waiting for capacity, medically fit and ready to leave ACUTE - Sirona",28,0.13811858866478882,0.17041974949453975,885
DtA P1 Referrals Received - Sirona,0,-0.01472075057188106,-0.0010623713958429343,912
DtA P1 Referrals Received - Sirona,1,-0.1931238400969267,-0.16047117599916624,912
DtA P1 Referrals Received - Sirona,3,0.06280942999678842,0.06118365876198613,910
DtA P1 Referrals Received - Sirona,7,-0.03964466111633961,-0.02870605151867459,906
DtA P1 Referrals Received - Sirona,14,-0.041164707628036735,-0.025425934582303366,899
DtA P1 Referrals Received - Sirona,28,-0.04591169261400977,-0.030216116722836597,885
DtA P1 Slots Booked - Sirona,0,0.28785409373086984,0.3157506063379603,824
DtA P1 Slots Booked - Sirona,1,0.010956901311473618,0.052669654530547165,824
DtA P1 Slots Booked - Sirona,3,-0.13180043576168438,-0.09738205750075418,822
DtA P1 Slots Booked - Sirona,7,0.23033394971284685,0.25266263130594757,818
DtA P1 Slots Booked - Sirona,14,0.2442579746261339,0.2633330207070937,811
DtA P1 Slots Booked - Sirona,28,0.22592410088297923,0.25540272048489226,797
"DtA P1 TOTAL (BOOKED AND UNBOOKED) Waiting for capacity and medically fit, and in any setting (acute and non-acute) - Sirona",0,0.27024650302825665,0.24759799233329807,912
"DtA P1 TOTAL (BOOKED AND UNBOOKED) Waiting for capacity and medically fit, and in any setting (acute and non-acute) - Sirona",1,0.26727110784196284,0.25006376263166835,912
"DtA P1 TOTAL (BOOKED AND UNBOOKED) Waiting for capacity and medically fit, and in any setting (acute and non-acute) - Sirona",3,0.30299510342683034,0.30219640080936655,910
"DtA P1 TOTAL (BOOKED AND UNBOOKED) Waiting for capacity and medically fit, and in any setting (acute and non-acute) - Sirona",7,0.2414605702818845,0.22897937648058939,906
"DtA P1 TOTAL (BOOKED AND UNBOOKED) Waiting for capacity and medically fit, and in any setting (acute and non-acute) - Sirona",14,0.2007953967762531,0.18816764373388425,899
"DtA P1 TOTAL (BOOKED AND UNBOOKED) Waiting for capacity and medically fit, and in any setting (acute and non-acute) - Sirona",28,0.1444288345335872,0.1545730803936412,885
"DtA P1 UNBOOKED Waiting for capacity, medically fit and NOT in an acute - Sirona",0,-0.012376865902110977,-0.006208287502674235,912
"DtA P1 UNBOOKED Waiting for capacity, medically fit and NOT in an acute - Sirona",1,-0.007478684414192165,0.010345578746604248,912
"DtA P1 UNBOOKED Waiting for capacity, medically fit and NOT in an acute - Sirona",3,-0.012746986842925946,-0.02970565179672818,910
"DtA P1 UNBOOKED Waiting for capacity, medically fit and NOT in an acute - Sirona",7,0.025221977028746904,-0.010094442758199193,906
"DtA P1 UNBOOKED Waiting for capacity, medically fit and NOT in an acute - Sirona",14,0.009906986299938336,-0.047229467754591185,899
"DtA P1 UNBOOKED Waiting for capacity, medically fit and NOT in an acute - Sirona",28,-0.06050036694286248,-0.0554967580900921,885
"DtA P1 UNBOOKED Waiting for capacity, medically fit and ready to leave acute - Sirona",0,0.21222942695255265,0.12094822210470148,912
"DtA P1 UNBOOKED Waiting for capacity, medically fit and ready to leave acute - Sirona",1,0.23979494745839872,0.1415636749772273,912
"DtA P1 UNBOOKED Waiting for capacity, medically fit and ready to leave acute - Sirona",3,0.26915226700506933,0.1680785837332577,910
"DtA P1 UNBOOKED Waiting for capacity, medically fit and ready to leave acute - Sirona",7,0.24302235235640826,0.1457442865042363,906
"DtA P1 UNBOOKED Waiting for capacity, medically fit and ready to leave acute - Sirona",14,0.22268925669081774,0.09861947985794292,899
"DtA P1 UNBOOKED Waiting for capacity, medically fit and ready to leave acute - Sirona",28,0.22346377839604462,0.09747674489537081,885
DtA P1 slots booked - Sirona,0,0.2764385718764164,0.2917269208773652,912
DtA P1 slots booked - Sirona,1,0.007386587606943696,0.030432511092081553,912
DtA P1 slots booked - Sirona,3,-0.18021905485597903,-0.1879315483260862,910
DtA P1 slots booked - Sirona,7,0.2592984727151355,0.27245757443304736,906
DtA P1 slots booked - Sirona,14,0.2473312680520248,0.26329169327415114,899
DtA P1 slots booked - Sirona,28,0.23808977007235893,0.2558190167437938,885
"DtA P2 BOOKED Waiting for capacity, medically fit and ready to leave ACUTE - Sirona",0,-0.06122083755716854,-0.07972396653529507,912
"DtA P2 BOOKED Waiting for capacity, medically fit and ready to leave ACUTE - Sirona",1,-0.05547438486586879,-0.06736926525848025,912
"DtA P2 BOOKED Waiting for capacity, medically fit and ready to leave ACUTE - Sirona",3,0.09817998753947298,0.10276638603148022,910
"DtA P2 BOOKED Waiting for capacity, medically fit and ready to leave ACUTE - Sirona",7,-0.06286495840884887,-0.08398313278877471,906
"DtA P2 BOOKED Waiting for capacity, medically fit and ready to leave ACUTE - Sirona",14,-0.06747243232356886,-0.09923715331220423,899
"DtA P2 BOOKED Waiting for capacity, medically fit and ready to leave ACUTE - Sirona",28,-0.11039468960327427,-0.13290573050346058,885
DtA P2 Beds Occupied - Sirona,0,0.13360523376331787,0.17971142655948358,912
DtA P2 Beds Occupied - Sirona,1,0.15732646134173223,0.20523915823080638,912
DtA P2 Beds Occupied - Sirona,3,0.17377361007639897,0.21245793266327198,910
DtA P2 Beds Occupied - Sirona,7,0.16782186115818776,0.2075449407679659,906
DtA P2 Beds Occupied - Sirona,14,0.16378644125452774,0.21885221936410318,899
DtA P2 Beds Occupied - Sirona,28,0.12883130517135896,0.17676455196231433,885
DtA P2 Referrals Received - Sirona,0,-0.0908514073950218,-0.07322032627874317,912
DtA P2 Referrals Received - Sirona,1,-0.21499811825023235,-0.22480388051194586,912
DtA P2 Referrals Received - Sirona,3,0.030387034555511536,-0.007447410819978826,910
DtA P2 Referrals Received - Sirona,7,-0.09216263365234473,-0.1045890522927837,906
DtA P2 Referrals Received - Sirona,14,-0.09379162337811973,-0.0922875819401178,899
DtA P2 Referrals Received - Sirona,28,-0.07901241290337101,-0.062062995111353894,885
"DtA P2 TOTAL BOOKED AND UN-BOOKED Waiting for capacity, medically fit and ready to leave ACUTE - Sirona",0,0.344721474959375,0.35995639034199933,912
"DtA P2 TOTAL BOOKED AND UN-BOOKED Waiting for capacity, medically fit and ready to leave ACUTE - Sirona",1,0.3685435190973089,0.38169604332304535,912
"DtA P2 TOTAL BOOKED AND UN-BOOKED Waiting for capacity, medically fit and ready to leave ACUTE - Sirona",3,0.351382398767127,0.37822232405922107,910
"DtA P2 TOTAL BOOKED AND UN-BOOKED Waiting for capacity, medically fit and ready to leave ACUTE - Sirona",7,0.31415593062270913,0.3570011655416396,906
"DtA P2 TOTAL BOOKED AND UN-BOOKED Waiting for capacity, medically fit and ready to leave ACUTE - Sirona",14,0.3053221009428369,0.3441417657936381,899
"DtA P2 TOTAL BOOKED AND UN-BOOKED Waiting for capacity, medically fit and ready to leave ACUTE - Sirona",28,0.25779334535996357,0.274096203268609,885
"DtA P2 UNBOOKED Waiting for capacity, medically fit and ready to leave acute - Sirona",0,0.34424945456804873,0.358495735967556,912
"DtA P2 UNBOOKED Waiting for capacity, medically fit and ready to leave acute - Sirona",1,0.3781114504096706,0.39217822177365663,912
"DtA P2 UNBOOKED Waiting for capacity, medically fit and ready to leave acute - Sirona",3,0.34457993187515484,0.37147984486819235,910
"DtA P2 UNBOOKED Waiting for capacity, medically fit and ready to leave acute - Sirona",7,0.31636670819286844,0.35202662930021456,906
"DtA P2 UNBOOKED Waiting for capacity, medically fit and ready to leave acute - Sirona",14,0.3065786023476391,0.3441049853206912,899
"DtA P2 UNBOOKED Waiting for capacity, medically fit and ready to leave acute - Sirona",28,0.26714037244111044,0.29207695060277444,885
DtA P2 referrals received - Sirona,0,-0.07809291010026134,-0.08047036302627389,912
DtA P2 referrals received - Sirona,1,-0.18383512477435857,-0.2037896301470071,912
DtA P2 referrals received - Sirona,3,0.025897346464981208,-0.01393165227285625,910
DtA P2 referrals received - Sirona,7,-0.05920273468419112,-0.06281779301094838,906
DtA P2 referrals received - Sirona,14,-0.031211518157098345,-0.035276511544662575,899
DtA P2 referrals received - Sirona,28,-0.07859474012171755,-0.06570559163771002,885
"DtA P3 BOOKED AND UN-BOOKED Waiting for capacity, medically fit and ready to leave ACUTE - Sirona",0,-0.3905715827050447,-0.4233411349993435,912
"DtA P3 BOOKED AND UN-BOOKED Waiting for capacity, medically fit and ready to leave ACUTE - Sirona",1,-0.3992676920851027,-0.43016831966369856,912
"DtA P3 BOOKED AND UN-BOOKED Waiting for capacity, medically fit and ready to leave ACUTE - Sirona",3,-0.39044480107889257,-0.42634027679014364,910
"DtA P3 BOOKED AND UN-BOOKED Waiting for capacity, medically fit and ready to leave ACUTE - Sirona",7,-0.4316949974512793,-0.4638231011166757,906
"DtA P3 BOOKED AND UN-BOOKED Waiting for capacity, medically fit and ready to leave ACUTE - Sirona",14,-0.49546410824136966,-0.5264611751592493,899
"DtA P3 BOOKED AND UN-BOOKED Waiting for capacity, medically fit and ready to leave ACUTE - Sirona",28,-0.48346655779112313,-0.4957519766326166,885
"DtA P3 BOOKED Waiting for capacity, medically fit and ready to leave ACUTE - Sirona",0,-0.034706984576487174,-0.08032802567415205,912
"DtA P3 BOOKED Waiting for capacity, medically fit and ready to leave ACUTE - Sirona",1,-0.05374295909608891,-0.10270821849612742,912
"DtA P3 BOOKED Waiting for capacity, medically fit and ready to leave ACUTE - Sirona",3,0.01324342820079058,-0.015308663058399704,910
"DtA P3 BOOKED Waiting for capacity, medically fit and ready to leave ACUTE - Sirona",7,-0.08276863415293541,-0.10398647427800232,906
"DtA P3 BOOKED Waiting for capacity, medically fit and ready to leave ACUTE - Sirona",14,-0.06858072222756982,-0.07473558422919722,899
"DtA P3 BOOKED Waiting for capacity, medically fit and ready to leave ACUTE - Sirona",28,-0.09966596650454597,-0.100954029047099,885
DtA P3 Beds Occupied - Sirona,0,0.23604429106534103,0.16746352176362245,824
DtA P3 Beds Occupied - Sirona,1,0.2661168603832237,0.21591757897954933,824
DtA P3 Beds Occupied - Sirona,3,0.2657092428323377,0.22230426592646407,822
DtA P3 Beds Occupied - Sirona,7,0.2555793375874278,0.20767781638075813,818
DtA P3 Beds Occupied - Sirona,14,0.25992970561452283,0.21886308316438458,811
DtA P3 Beds Occupied - Sirona,28,0.24332364686397345,0.2135685150842198,797
DtA P3 TOTAL (BOOKED AND UNBOOKED) Waiting for capacity and medically fit and in any setting (acute and transitional bed) - Sirona,0,-0.37820559037661394,-0.42143539994450185,912
DtA P3 TOTAL (BOOKED AND UNBOOKED) Waiting for capacity and medically fit and in any setting (acute and transitional bed) - Sirona,1,-0.38728805802898436,-0.4288817306034819,912
DtA P3 TOTAL (BOOKED AND UNBOOKED) Waiting for capacity and medically fit and in any setting (acute and transitional bed) - Sirona,3,-0.38135053601521623,-0.42600992990699166,910
DtA P3 TOTAL (BOOKED AND UNBOOKED) Waiting for capacity and medically fit and in any setting (acute and transitional bed) - Sirona,7,-0.41778919031576145,-0.45834488152961855,906
DtA P3 TOTAL (BOOKED AND UNBOOKED) Waiting for capacity and medically fit and in any setting (acute and transitional bed) - Sirona,14,-0.48166317063950637,-0.5207774826969466,899
DtA P3 TOTAL (BOOKED AND UNBOOKED) Waiting for capacity and medically fit and in any setting (acute and transitional bed) - Sirona,28,-0.4694532247466546,-0.48943812041363866,885
"DtA P3 UNBOOKED Waiting for capacity, medically fit and ready to leave acute - Sirona",0,-0.39251578299301565,-0.4159153865055753,912
"DtA P3 UNBOOKED Waiting for capacity, medically fit and ready to leave acute - Sirona",1,-0.39655398111881,-0.4171493581612557,912
"DtA P3 UNBOOKED Waiting for capacity, medically fit and ready to leave acute - Sirona",3,-0.4058630708006861,-0.43231158546288384,910
"DtA P3 UNBOOKED Waiting for capacity, medically fit and ready to leave acute - Sirona",7,-0.4246872718134999,-0.4404843611737209,906
"DtA P3 UNBOOKED Waiting for capacity, medically fit and ready to leave acute - Sirona",14,-0.49380415033024516,-0.5186781339093867,899
"DtA P3 UNBOOKED Waiting for capacity, medically fit and ready to leave acute - Sirona",28,-0.4736771605537838,-0.4737361895842972,885
DtA P3 beds occupied - Sirona,0,-0.12240365777111187,-0.06534688214533142,912
DtA P3 beds occupied - Sirona,1,-0.11028897320385112,-0.0489171481477476,912
DtA P3 beds occupied - Sirona,3,-0.11264427953219641,-0.05927354477259644,910
DtA P3 beds occupied - Sirona,7,-0.14182127520106802,-0.08599663505458457,906
DtA P3 beds occupied - Sirona,14,-0.16009731693704868,-0.07332642925634734,899
DtA P3 beds occupied - Sirona,28,-0.18715253198035953,-0.09562182165216104,885
DtA SBRU P2 rehabilitation beds occupied - Sirona,0,-0.00015116052082839746,0.05054305323571779,912
DtA SBRU P2 rehabilitation beds occupied - Sirona,1,0.017508448936685527,0.07635507056311856,912
DtA SBRU P2 rehabilitation beds occupied - Sirona,3,0.038730081290719844,0.09202557292584448,910
DtA SBRU P2 rehabilitation beds occupied - Sirona,7,0.03348850802492162,0.047443079578939305,906
DtA SBRU P2 rehabilitation beds occupied - Sirona,14,0.03378429038473993,0.0432457830472467,899
DtA SBRU P2 rehabilitation beds occupied - Sirona,28,-0.061488785951221904,-0.06460819533321556,885
DtA SBRU P2 stroke beds occupied - Sirona,0,0.037709083726387656,-0.042885873166722266,912
DtA SBRU P2 stroke beds occupied - Sirona,1,0.03933016700016566,-0.03787705343996109,912
DtA SBRU P2 stroke beds occupied - Sirona,3,0.043064230415043155,-0.023912956563012868,910
DtA SBRU P2 stroke beds occupied - Sirona,7,0.051731582851950536,-0.0001770165000665379,906
DtA SBRU P2 stroke beds occupied - Sirona,14,0.07422790795315064,0.0191006635915143,899
DtA SBRU P2 stroke beds occupied - Sirona,28,0.11575376402929691,0.09368087024433688,885
ED all-type 4-hour performance - BRI,0,-0.16652504628102674,-0.18668222965663292,559
ED all-type 4-hour performance - BRI,1,-0.128961654635697,-0.16407149861972176,558
ED all-type 4-hour performance - BRI,3,-0.051662811101432254,-0.06563933636399581,556
ED all-type 4-hour performance - BRI,7,-0.07224288449004415,-0.078774343472994,552
ED all-type 4-hour performance - BRI,14,-0.005161708123100255,-0.04080431519769046,545
ED all-type 4-hour performance - BRI,28,-0.0575447986323606,-0.07047062271899213,532
ED all-type 4-hour performance - NBT,0,-0.26063742510492827,-0.2459014060551334,541
ED all-type 4-hour performance - NBT,1,-0.20033558197429444,-0.18433012023929327,541
ED all-type 4-hour performance - NBT,3,-0.1963736463798788,-0.1966519684707751,539
ED all-type 4-hour performance - NBT,7,-0.15399221145136396,-0.12569908808151745,535
ED all-type 4-hour performance - NBT,14,-0.09646812248363279,-0.10739265849661517,528
ED all-type 4-hour performance - NBT,28,-0.09303683173439944,-0.09388689893299465,514
ED all-type 4-hour performance - WGH,0,-0.11795794468277314,-0.15008523018677264,559
ED all-type 4-hour performance - WGH,1,-0.07495743821004716,-0.08685787060488712,558
ED all-type 4-hour performance - WGH,3,-0.14695990986607832,-0.12843362004973388,556
ED all-type 4-hour performance - WGH,7,-0.03825829293987411,-0.04663507641243789,552
ED all-type 4-hour performance - WGH,14,-0.024757983775556783,-0.03874042514852109,545
ED all-type 4-hour performance - WGH,28,-0.0016083215631678763,-0.014499515274883572,532
ED all-type attendance variation - BRI,0,0.06141085574803992,0.06692061755997192,541
ED all-type attendance variation - BRI,1,0.11067717920216431,0.1153774569207341,540
ED all-type attendance variation - BRI,3,0.07032427702557838,0.08155813614521229,538
ED all-type attendance variation - BRI,7,0.03987149656847719,0.09160532437907071,534
ED all-type attendance variation - BRI,14,0.10355139781035955,0.09028173585583799,527
ED all-type attendance variation - BRI,28,0.08540714306668858,0.060419672427449056,515
ED all-type attendance variation - WGH,0,0.13248340036634665,0.12872234366745827,541
ED all-type attendance variation - WGH,1,0.15098914678980674,0.10067698737365686,540
ED all-type attendance variation - WGH,3,0.07342293944755503,0.036105397220560914,538
ED all-type attendance variation - WGH,7,0.10709929392023622,0.1250546766901029,534
ED all-type attendance variation - WGH,14,0.07603042637287057,0.08875954136657285,527
ED all-type attendance variation - WGH,28,0.12095817178802779,0.07402647664891376,515
Escalation beds open - BRI,0,0.5843103993154682,0.6030518870238069,929
Escalation beds open - BRI,1,0.5634343200958446,0.5744554915778997,929
Escalation beds open - BRI,3,0.3049208286165635,0.28004129060956173,927
Escalation beds open - BRI,7,0.38272472673492136,0.3928209510273747,923
Escalation beds open - BRI,14,0.3864803018022142,0.4090825458323082,916
Escalation beds open - BRI,28,0.3584826422739408,0.3644589814798484,902
Escalation beds open - NBT,0,0.3090019594125321,0.36146433257217403,923
Escalation beds open - NBT,1,0.28936236335288656,0.3393777139192798,923
Escalation beds open - NBT,3,0.12347138589949905,0.1480067496600077,921
Escalation beds open - NBT,7,0.19046077678688206,0.23793844729785046,917
Escalation beds open - NBT,14,0.19143997883713826,0.23891264457694872,910
Escalation beds open - NBT,28,0.16892982146924754,0.21687304087323872,896
Escalation beds open - WGH,0,0.5547890147872006,0.579425704708114,929
Escalation beds open - WGH,1,0.5621241955207644,0.5868573590311759,929
Escalation beds open - WGH,3,0.3496963054144564,0.3842412553009042,927
Escalation beds open - WGH,7,0.39729362569584725,0.4051073490085952,923
Escalation beds open - WGH,14,0.355539392555645,0.3611952588808244,916
Escalation beds open - WGH,28,0.2938141317141073,0.2848558653800405,902
G&A Bed occupancy - BRI,0,0.48857784745686955,0.5401451480872339,929
G&A Bed occupancy - BRI,1,0.4338636815210315,0.4799537249130952,929
G&A Bed occupancy - BRI,3,0.14120250920418415,0.15683777031248428,927
G&A Bed occupancy - BRI,7,0.30137547276668536,0.38754726191739103,923
G&A Bed occupancy - BRI,14,0.30168964877291926,0.3794984370173297,916
G&A Bed occupancy - BRI,28,0.22365892249514588,0.30747019138929227,902
G&A Bed occupancy - NBT,0,0.29539901748633424,0.36782931793433027,922
G&A Bed occupancy - NBT,1,0.27244851218989535,0.33526175624659,922
G&A Bed occupancy - NBT,3,0.04553396443091901,0.08148215407288337,920
G&A Bed occupancy - NBT,7,0.13568238030623023,0.2356961839198261,916
G&A Bed occupancy - NBT,14,0.12472582321336015,0.21845319291374615,909
G&A Bed occupancy - NBT,28,0.12101077915453898,0.19884541990148447,895
G&A Bed occupancy - WGH,0,0.06976774164742362,0.1510146623434375,929
G&A Bed occupancy - WGH,1,0.12014942038816816,0.19668374825237933,929
G&A Bed occupancy - WGH,3,0.0732206372881736,0.1019028249004502,927
G&A Bed occupancy - WGH,7,0.02145711132359787,0.0418769521639879,923
G&A Bed occupancy - WGH,14,0.03408140332275726,0.02407838357736325,916
G&A Bed occupancy - WGH,28,0.042078051730920954,-0.022200457660915666,902
"G&A beds, core stock open - NBT",0,-0.1939592404800014,-0.2578602136809188,922
"G&A beds, core stock open - NBT",1,-0.19226055731068878,-0.25781018846182063,922
"G&A beds, core stock open - NBT",3,-0.1934015836244273,-0.2567227736354773,920
"G&A beds, core stock open - NBT",7,-0.21069398886635743,-0.2607619855682089,916
"G&A beds, core stock open - NBT",14,-0.16354359453993783,-0.2626339430396933,909
"G&A beds, core stock open - NBT",28,-0.14715813820733442,-0.23188592946056494,895
Handover Time Lost Since Midnight (hh:mm) - BRI,0,0.425075162123572,0.4496121247760913,887
Handover Time Lost Since Midnight (hh:mm) - BRI,1,0.37083470355009523,0.3931149640963262,886
Handover Time Lost Since Midnight (hh:mm) - BRI,3,0.17180786008780627,0.22477413228028317,884
Handover Time Lost Since Midnight (hh:mm) - BRI,7,0.2194708685013333,0.23394288037008618,880
Handover Time Lost Since Midnight (hh:mm) - BRI,14,0.19590929395088935,0.24591779770990024,873
Handover Time Lost Since Midnight (hh:mm) - BRI,28,0.1557580749948989,0.17435301467928013,859
Handover Time Lost Since Midnight (hh:mm) - BRI (Children's),0,0.02836072849075556,0.046118787474856274,887
Handover Time Lost Since Midnight (hh:mm) - BRI (Children's),1,0.04195282453299306,0.04079727217156683,886
Handover Time Lost Since Midnight (hh:mm) - BRI (Children's),3,0.00463890266121062,0.02583961730475876,884
Handover Time Lost Since Midnight (hh:mm) - BRI (Children's),7,0.07451361262003195,0.049327064639920246,880
Handover Time Lost Since Midnight (hh:mm) - BRI (Children's),14,0.040968996198676,-0.00038850357492324026,873
Handover Time Lost Since Midnight (hh:mm) - BRI (Children's),28,0.026490105905148685,0.025200620209541908,859
Handover Time Lost Since Midnight (hh:mm) - NBT,0,0.4688102385787105,0.4698036451320678,880
Handover Time Lost Since Midnight (hh:mm) - NBT,1,0.32159099829652166,0.3622620192794337,879
Handover Time Lost Since Midnight (hh:mm) - NBT,3,0.1822205794781615,0.18717742673314644,877
Handover Time Lost Since Midnight (hh:mm) - NBT,7,0.2680782837074767,0.25685729969907695,873
Handover Time Lost Since Midnight (hh:mm) - NBT,14,0.21260835360769537,0.2390088288300831,866
Handover Time Lost Since Midnight (hh:mm) - NBT,28,0.22872514857585147,0.2452852105538547,852
Handover Time Lost Since Midnight (hh:mm) - WGH,0,0.3556894555481071,0.34816394825269914,887
Handover Time Lost Since Midnight (hh:mm) - WGH,1,0.23644634746746135,0.2410348031051168,886
Handover Time Lost Since Midnight (hh:mm) - WGH,3,0.09929311029362269,0.11818679189635178,884
Handover Time Lost Since Midnight (hh:mm) - WGH,7,0.23523918896997942,0.1980118898017272,880
Handover Time Lost Since Midnight (hh:mm) - WGH,14,0.18067046189654162,0.17457862623874007,873
Handover Time Lost Since Midnight (hh:mm) - WGH,28,0.1392199290048415,0.12342031444423202,859
Handover to Clear 15mins (Last Hour) - BRI,0,-0.09817690494418674,-0.10626699488601765,887
Handover to Clear 15mins (Last Hour) - BRI,1,-0.06543488023648829,-0.06308126722893984,886
Handover to Clear 15mins (Last Hour) - BRI,3,0.016341637448115714,-0.0035577728649275942,884
Handover to Clear 15mins (Last Hour) - BRI,7,-0.03799294885648162,-0.04319991950622489,880
Handover to Clear 15mins (Last Hour) - BRI,14,-0.01227602007293169,-0.024304796122575717,873
Handover to Clear 15mins (Last Hour) - BRI,28,0.0019994197321428317,0.020651593218146653,859
Handover to Clear 15mins (Last Hour) - BRI (Children's),0,0.08406671476207057,0.09322686335844152,887
Handover to Clear 15mins (Last Hour) - BRI (Children's),1,0.14700714110079477,0.13435486248871722,886
Handover to Clear 15mins (Last Hour) - BRI (Children's),3,0.11387887804122798,0.09897243965748498,884
Handover to Clear 15mins (Last Hour) - BRI (Children's),7,0.11819492440321694,0.09927798428754755,880
Handover to Clear 15mins (Last Hour) - BRI (Children's),14,0.12792770745866572,0.11682988023809365,873
Handover to Clear 15mins (Last Hour) - BRI (Children's),28,0.07248056695099685,0.08740116159256237,859
Handover to Clear 15mins (Last Hour) - NBT,0,-0.13817220201992458,-0.16013817533494185,880
Handover to Clear 15mins (Last Hour) - NBT,1,-0.09487648232991538,-0.11368560778188072,879
Handover to Clear 15mins (Last Hour) - NBT,3,-0.029498009434857506,-0.0609116040084985,877
Handover to Clear 15mins (Last Hour) - NBT,7,-0.06534934429008976,-0.09652334616346085,873
Handover to Clear 15mins (Last Hour) - NBT,14,-0.056292141146015266,-0.0804409263393636,866
Handover to Clear 15mins (Last Hour) - NBT,28,-0.05848987188790997,-0.08115546502174037,852
Handover to Clear 15mins (Last Hour) - WGH,0,-0.0830150782371231,-0.0784978415367365,887
Handover to Clear 15mins (Last Hour) - WGH,1,-0.05993180764093149,-0.07852236909222701,886
Handover to Clear 15mins (Last Hour) - WGH,3,-0.016206025661877344,-0.020298122806666312,884
Handover to Clear 15mins (Last Hour) - WGH,7,-0.08901408372692013,-0.08876203700190435,880
Handover to Clear 15mins (Last Hour) - WGH,14,-0.06774786044857276,-0.06522876147149338,873
Handover to Clear 15mins (Last Hour) - WGH,28,-0.04056482810410445,-0.03772567767692638,859
Handover to Clear 15mins (Since Midnight) - BRI,0,-0.14816748102955923,-0.1643961908183067,887
Handover to Clear 15mins (Since Midnight) - BRI,1,-0.1015707634189306,-0.11741699701502453,886
Handover to Clear 15mins (Since Midnight) - BRI,3,-0.03416816152340568,-0.06462224837726044,884
Handover to Clear 15mins (Since Midnight) - BRI,7,-0.09692845079376199,-0.12118613114789892,880
Handover to Clear 15mins (Since Midnight) - BRI,14,-0.041205721832600455,-0.06416150070445908,873
Handover to Clear 15mins (Since Midnight) - BRI,28,-0.022314866205170474,-0.047381356209935784,859
Handover to Clear 15mins (Since Midnight) - BRI (Children's),0,0.1389436594869994,0.14844556989878024,887
Handover to Clear 15mins (Since Midnight) - BRI (Children's),1,0.1916407668130019,0.19231639648108903,886
Handover to Clear 15mins (Since Midnight) - BRI (Children's),3,0.14565116951197685,0.1398333055905504,884
Handover to Clear 15mins (Since Midnight) - BRI (Children's),7,0.17299643454765767,0.1527462965244492,880
Handover to Clear 15mins (Since Midnight) - BRI (Children's),14,0.222763322187655,0.20448192094236606,873
Handover to Clear 15mins (Since Midnight) - BRI (Children's),28,0.1669575939399665,0.16433647053488282,859
Handover to Clear 15mins (Since Midnight) - NBT,0,-0.11666481877223629,-0.13570410633903193,880
Handover to Clear 15mins (Since Midnight) - NBT,1,-0.08663791070011728,-0.11015629087377676,879
Handover to Clear 15mins (Since Midnight) - NBT,3,-0.07584048585294519,-0.1110583994126863,877
Handover to Clear 15mins (Since Midnight) - NBT,7,-0.05015899730011574,-0.09558669408055974,873
Handover to Clear 15mins (Since Midnight) - NBT,14,-0.031321818619332926,-0.05921187646517148,866
Handover to Clear 15mins (Since Midnight) - NBT,28,-0.020463390509621586,-0.050149019276507535,852
Handover to Clear 15mins (Since Midnight) - WGH,0,-0.05117313346543059,-0.03575205810419647,887
Handover to Clear 15mins (Since Midnight) - WGH,1,-0.02774489061649361,-0.027826527587118042,886
Handover to Clear 15mins (Since Midnight) - WGH,3,0.002346014050084932,0.017907667400194956,884
Handover to Clear 15mins (Since Midnight) - WGH,7,-0.042441924520717454,-0.042715135997165955,880
Handover to Clear 15mins (Since Midnight) - WGH,14,-0.0035975246268063763,0.014499812384706441,873
Handover to Clear 15mins (Since Midnight) - WGH,28,0.01500466720748042,0.026886095713460904,859
Handover to Clear 30mins (Last Hour) - BRI,0,-0.11306725425325584,-0.0903326779053016,887
Handover to Clear 30mins (Last Hour) - BRI,1,-0.13126027564920137,-0.11675044739000297,886
Handover to Clear 30mins (Last Hour) - BRI,3,-0.11578546820663979,-0.11236467043469718,884
Handover to Clear 30mins (Last Hour) - BRI,7,-0.09758869086829576,-0.08561187495624353,880
Handover to Clear 30mins (Last Hour) - BRI,14,-0.0887981746547106,-0.08771793032277052,873
Handover to Clear 30mins (Last Hour) - BRI,28,-0.1164311729139,-0.11412491711082129,859
Handover to Clear 30mins (Last Hour) - BRI (Children's),0,-0.009830397205030683,0.006013047356655489,887
Handover to Clear 30mins (Last Hour) - BRI (Children's),1,-0.01034539387114546,-0.010026839482317008,886
Handover to Clear 30mins (Last Hour) - BRI (Children's),3,-0.06159313468627255,-0.05042120267592878,884
Handover to Clear 30mins (Last Hour) - BRI (Children's),7,-0.019324583443007443,-0.0015619001706108384,880
Handover to Clear 30mins (Last Hour) - BRI (Children's),14,-0.04436203707059307,-0.03435628895896655,873
Handover to Clear 30mins (Last Hour) - BRI (Children's),28,0.06040611679486011,0.08529701327481949,859
Handover to Clear 30mins (Last Hour) - NBT,0,-0.1380061772862053,-0.10326838949571683,880
Handover to Clear 30mins (Last Hour) - NBT,1,-0.14786567307788953,-0.12417526180211265,879
Handover to Clear 30mins (Last Hour) - NBT,3,-0.12859633650445276,-0.12768638758344378,877
Handover to Clear 30mins (Last Hour) - NBT,7,-0.09610700008755316,-0.08192433164618222,873
Handover to Clear 30mins (Last Hour) - NBT,14,-0.09497135702135878,-0.05070352774698679,866
Handover to Clear 30mins (Last Hour) - NBT,28,-0.05181588964852683,-0.041255827839940425,852
Handover to Clear 30mins (Last Hour) - WGH,0,-0.032075109627803376,-0.033866701720560985,887
Handover to Clear 30mins (Last Hour) - WGH,1,-0.05297152028596149,-0.031955763194205074,886
Handover to Clear 30mins (Last Hour) - WGH,3,-0.048522959340491514,-0.034584700609342885,884
Handover to Clear 30mins (Last Hour) - WGH,7,-0.030379315890801707,-0.058034007017328984,880
Handover to Clear 30mins (Last Hour) - WGH,14,-0.043029640027823564,-0.05985234127033801,873
Handover to Clear 30mins (Last Hour) - WGH,28,-0.041060594153913534,-0.05152047139595865,859
Handover to Clear 30mins (Since Midnight) - BRI,0,-0.09051510888431216,-0.03137244060242063,887
Handover to Clear 30mins (Since Midnight) - BRI,1,-0.10121974629479027,-0.04536578632170493,886
Handover to Clear 30mins (Since Midnight) - BRI,3,-0.10853126872599916,-0.04835103856319912,884
Handover to Clear 30mins (Since Midnight) - BRI,7,-0.09811582546091882,-0.06375521580319027,880
Handover to Clear 30mins (Since Midnight) - BRI,14,-0.03345973221171163,0.014462599863300741,873
Handover to Clear 30mins (Since Midnight) - BRI,28,-0.06572245118220899,-0.07093388614895771,859
Handover to Clear 30mins (Since Midnight) - BRI (Children's),0,0.0388352833510793,0.0776413202144079,887
Handover to Clear 30mins (Since Midnight) - BRI (Children's),1,0.048867396135967654,0.06584372932299001,886
Handover to Clear 30mins (Since Midnight) - BRI (Children's),3,-0.008827065793448606,0.012510902189176824,884
Handover to Clear 30mins (Since Midnight) - BRI (Children's),7,0.08379443155468252,0.09261129784545177,880
Handover to Clear 30mins (Since Midnight) - BRI (Children's),14,0.07569666429219955,0.09641327894598732,873
Handover to Clear 30mins (Since Midnight) - BRI (Children's),28,0.09449448052778645,0.10750584688600127,859
Handover to Clear 30mins (Since Midnight) - NBT,0,-0.09108665890080711,0.012955693244201785,880
Handover to Clear 30mins (Since Midnight) - NBT,1,-0.1134181823624048,-0.039262523040102845,879
Handover to Clear 30mins (Since Midnight) - NBT,3,-0.1048787084533974,-0.05232593543898719,877
Handover to Clear 30mins (Since Midnight) - NBT,7,-0.08370440797285236,-0.020513075014128728,873
Handover to Clear 30mins (Since Midnight) - NBT,14,-0.060742677560081074,0.004590802204852765,866
Handover to Clear 30mins (Since Midnight) - NBT,28,-0.05265252337218902,0.006894462722897688,852
Handover to Clear 30mins (Since Midnight) - WGH,0,-0.018764209682316273,0.020729208458635847,887
Handover to Clear 30mins (Since Midnight) - WGH,1,-0.02139099281735755,0.017003716680767663,886
Handover to Clear 30mins (Since Midnight) - WGH,3,-0.013684952542347374,0.0016106377693714438,884
Handover to Clear 30mins (Since Midnight) - WGH,7,-0.0002931158884850408,-0.002928255762643485,880
Handover to Clear 30mins (Since Midnight) - WGH,14,0.028503129117104037,0.017839644582352345,873
Handover to Clear 30mins (Since Midnight) - WGH,28,0.011522214738168739,0.03453184535247113,859
Handover to Clear 60mins (Since Midnight) - BRI,0,0.06910161748835789,0.044940930513065455,887
Handover to Clear 60mins (Since Midnight) - BRI,1,0.033884823501542205,0.03722952434212898,886
Handover to Clear 60mins (Since Midnight) - BRI,3,-0.035861121396179155,-0.007503296687987819,884
Handover to Clear 60mins (Since Midnight) - BRI,7,-0.0185096317203464,0.008378286422705054,880
Handover to Clear 60mins (Since Midnight) - BRI,14,0.06281434645433759,0.07061432643284248,873
Handover to Clear 60mins (Since Midnight) - BRI,28,0.02563428810886478,0.034137611618867074,859
Handover to Clear 60mins (Since Midnight) - BRI (Children's),0,0.04963680359417809,0.07540295079930615,887
Handover to Clear 60mins (Since Midnight) - BRI (Children's),1,0.05969165829464738,0.0895395321556553,886
Handover to Clear 60mins (Since Midnight) - BRI (Children's),3,0.016046619316331633,-0.0004282061867833773,884
Handover to Clear 60mins (Since Midnight) - BRI (Children's),7,0.053712433320028015,0.0476778442036362,880
Handover to Clear 60mins (Since Midnight) - BRI (Children's),14,0.09957374334661215,0.08874536061283968,873
Handover to Clear 60mins (Since Midnight) - BRI (Children's),28,0.0156807630762836,0.015123986854108318,859
Handover to Clear 60mins (Since Midnight) - NBT,0,-0.007401672001343988,0.024037563675476385,880
Handover to Clear 60mins (Since Midnight) - NBT,1,-0.02861453021553007,0.00045228659815275583,879
Handover to Clear 60mins (Since Midnight) - NBT,3,0.02362246841133989,0.043809732438058205,877
Handover to Clear 60mins (Since Midnight) - NBT,7,0.030575130707628132,0.047859329191904956,873
Handover to Clear 60mins (Since Midnight) - NBT,14,0.0068979051153781204,0.044470494656772386,866
Handover to Clear 60mins (Since Midnight) - NBT,28,-0.0406151727501226,0.004835534466730887,852
Handover to Clear 60mins (Since Midnight) - WGH,0,0.010196253296889628,0.03418598149613565,887
Handover to Clear 60mins (Since Midnight) - WGH,1,0.001784693385259058,0.030765894808884413,886
Handover to Clear 60mins (Since Midnight) - WGH,3,0.030775110226943507,-0.01854301534117141,884
Handover to Clear 60mins (Since Midnight) - WGH,7,-0.023040254676133607,-0.001709812272718257,880
Handover to Clear 60mins (Since Midnight) - WGH,14,0.0017014464284061848,0.023451964997893593,873
Handover to Clear 60mins (Since Midnight) - WGH,28,0.04726415234643427,0.03697377261197038,859
IUC Advice Longest Wait (1hr Call Back) - SevernSide,0,0.17173654454543844,0.1456595619201005,854
IUC Advice Longest Wait (1hr Call Back) - SevernSide,1,0.32753468859430357,0.31911876468888467,853
IUC Advice Longest Wait (1hr Call Back) - SevernSide,3,0.1283983791473974,0.21489938691957786,851
IUC Advice Longest Wait (1hr Call Back) - SevernSide,7,0.12692160612016765,0.08417531763472864,847
IUC Advice Longest Wait (1hr Call Back) - SevernSide,14,0.0963368867521245,0.05362705476761741,840
IUC Advice Longest Wait (1hr Call Back) - SevernSide,28,0.12380736665052976,0.08177960559167208,826
IUC Advice Longest Wait (2hr Call Back) - SevernSide,0,0.13315285506500996,0.1065939100107756,854
IUC Advice Longest Wait (2hr Call Back) - SevernSide,1,0.33871658328633325,0.33714349005656297,853
IUC Advice Longest Wait (2hr Call Back) - SevernSide,3,0.10831042865609865,0.21321145339991163,851
IUC Advice Longest Wait (2hr Call Back) - SevernSide,7,0.10537043233183373,0.07275229983366086,847
IUC Advice Longest Wait (2hr Call Back) - SevernSide,14,0.07984147716481169,0.045170222751525255,840
IUC Advice Longest Wait (2hr Call Back) - SevernSide,28,0.09197577925682338,0.051537204648761374,826
IUC Advice Longest Wait (6hr Call Back) - SevernSide,0,0.1305926371106031,0.08273903249498579,854
IUC Advice Longest Wait (6hr Call Back) - SevernSide,1,0.3494177745730321,0.3155621576602802,853
IUC Advice Longest Wait (6hr Call Back) - SevernSide,3,0.13211798330639246,0.21444126073803874,851
IUC Advice Longest Wait (6hr Call Back) - SevernSide,7,0.10851734182957361,0.05863567691879135,847
IUC Advice Longest Wait (6hr Call Back) - SevernSide,14,0.08156060621955113,0.03403252181697637,840
IUC Advice Longest Wait (6hr Call Back) - SevernSide,28,0.11387312455673018,0.041529558360228314,826
IUC Advice Longest Wait (HCP Call Back) - SevernSide,0,-0.036685910873291365,-0.03278062573971278,854
IUC Advice Longest Wait (HCP Call Back) - SevernSide,1,0.05543205247650589,0.14754758009961183,853
IUC Advice Longest Wait (HCP Call Back) - SevernSide,3,-0.009778669408056176,0.14372271366281344,851
IUC Advice Longest Wait (HCP Call Back) - SevernSide,7,-0.0876371250237553,-0.042144571424902806,847
IUC Advice Longest Wait (HCP Call Back) - SevernSide,14,-0.03503499298989199,-0.0031429456911243386,840
IUC Advice Longest Wait (HCP Call Back) - SevernSide,28,-0.03396225537345704,-0.04276240086343115,826
Intensive Caseload - AWP,0,0.12638594649333734,0.12738073608990697,327
Intensive Caseload - AWP,1,0.15940290136787144,0.15205702938535431,327
Intensive Caseload - AWP,3,0.11375750996405888,0.13222505396480053,326
Intensive Caseload - AWP,7,0.10199162286241654,0.09347937715308775,323
Intensive Caseload - AWP,14,0.09056905993324565,0.09141975822668358,318
Intensive Caseload - AWP,28,0.17881254221313037,0.16051512970769458,309
Longest Wait Since Midnight that Received - SevernSide,0,0.09068137695176513,0.0954097774069627,750
Longest Wait Since Midnight that Received - SevernSide,1,0.18088966789168623,0.17264922336840724,749
Longest Wait Since Midnight that Received - SevernSide,3,0.05224407362107683,0.08301139125908656,747
Longest Wait Since Midnight that Received - SevernSide,7,0.020211518819558974,0.033902751755441246,743
Longest Wait Since Midnight that Received - SevernSide,14,-0.009232008502434929,0.017036304650591808,736
Longest Wait Since Midnight that Received - SevernSide,28,0.07747261745346135,0.0909860736928899,722
Longest Wait in Last 15 mins - SevernSide,0,0.01953566162009192,0.033760544774676764,750
Longest Wait in Last 15 mins - SevernSide,1,0.1318387850229912,0.11594158756922203,749
Longest Wait in Last 15 mins - SevernSide,3,0.05142890677572756,0.07039413659549014,747
Longest Wait in Last 15 mins - SevernSide,7,-0.049594187852711615,-0.018013487811781952,743
Longest Wait in Last 15 mins - SevernSide,14,-0.07775503946864745,-0.02810107630536354,736
Longest Wait in Last 15 mins - SevernSide,28,-0.003907921249466371,0.04120905497304197,722
Majors and resuscitation occupancy (adult) - BRI,0,0.44027277652392705,0.44428466556490037,560
Majors and resuscitation occupancy (adult) - BRI,1,0.4168788226058543,0.4180384662838825,559
Majors and resuscitation occupancy (adult) - BRI,3,0.2485743711537321,0.2647526111662552,557
Majors and resuscitation occupancy (adult) - BRI,7,0.30230441547683395,0.3119535601334305,553
Majors and resuscitation occupancy (adult) - BRI,14,0.25500047953349236,0.28586421955479346,546
Majors and resuscitation occupancy (adult) - BRI,28,0.22831666779209558,0.24234644783741527,532
Majors and resuscitation occupancy (adult) - NBT,0,0.5090712126992643,0.531908484963659,541
Majors and resuscitation occupancy (adult) - NBT,1,0.4381790084210736,0.45992266757555056,541
Majors and resuscitation occupancy (adult) - NBT,3,0.2388433802509708,0.269386314761973,539
Majors and resuscitation occupancy (adult) - NBT,7,0.2596219425060203,0.2640317299996132,535
Majors and resuscitation occupancy (adult) - NBT,14,0.23172024986381823,0.26766482972435235,528
Majors and resuscitation occupancy (adult) - NBT,28,0.2468082058780605,0.26673948840905,514
Majors and resuscitation occupancy (adult) - WGH,0,0.51840790294055,0.5192061638158714,560
Majors and resuscitation occupancy (adult) - WGH,1,0.3626165444115073,0.35021212951182157,559
Majors and resuscitation occupancy (adult) - WGH,3,0.22372331215881083,0.21640069521825478,557
Majors and resuscitation occupancy (adult) - WGH,7,0.3753416776812267,0.3524729867505822,553
Majors and resuscitation occupancy (adult) - WGH,14,0.36788549426418643,0.348579927649089,546
Majors and resuscitation occupancy (adult) - WGH,28,0.27750198022442035,0.25690030270432745,532
Majors patient count - BRI,0,-0.19676663628789612,-0.1956971016000023,293
Majors patient count - BRI,1,-0.12372701649260472,-0.13069151548657104,292
Majors patient count - BRI,3,-0.15630590579131579,-0.138540906837631,290
Majors patient count - BRI,7,-0.2381079280431624,-0.2312155110614674,286
Majors patient count - BRI,14,-0.22799841518091057,-0.21558089933583088,279
Majors patient count - BRI,28,-0.17837869642579166,-0.1955048427243065,265
Majors patient count - BRI (Children's),0,0.11288768722015707,0.11108093908431248,870
Majors patient count - BRI (Children's),1,0.07473119048489975,0.08074432460295038,869
Majors patient count - BRI (Children's),3,0.040025907054480586,0.07332256279717504,867
Majors patient count - BRI (Children's),7,0.03305339285465539,0.03637502333721007,863
Majors patient count - BRI (Children's),14,0.13450279129933576,0.11744678091984335,856
Majors patient count - BRI (Children's),28,0.02519495361502765,0.027189129695339046,842
Majors patient count - NBT,0,0.135231932777994,0.12039895153001119,892
Majors patient count - NBT,1,0.1360224815082668,0.14208560439332035,891
Majors patient count - NBT,3,0.0921371084585888,0.10441298213908135,889
Majors patient count - NBT,7,0.11468294618589729,0.09334737605919163,885
Majors patient count - NBT,14,0.0897841318219706,0.09148579043778156,878
Majors patient count - NBT,28,0.1523463530746246,0.18054880080095145,864
Majors patient count - WGH,0,0.21748577994884302,0.25150757583618594,293
Majors patient count - WGH,1,0.18914757029900595,0.20985425713263703,292
Majors patient count - WGH,3,0.11186861529660941,0.17000089426635168,290
Majors patient count - WGH,7,0.15521274751961128,0.15516654785093695,286
Majors patient count - WGH,14,0.12739797441307904,0.1108085113671992,279
Majors patient count - WGH,28,0.16028293663494245,0.1498365613795842,266
Mason Section 136 Beds Available (Capacity 4) - AWP,0,-0.011522926917882781,-0.0004293410379499333,814
Mason Section 136 Beds Available (Capacity 4) - AWP,1,0.027453790186611222,0.05182558849662306,813
Mason Section 136 Beds Available (Capacity 4) - AWP,3,0.07745190447981838,0.1083967591490373,811
Mason Section 136 Beds Available (Capacity 4) - AWP,7,0.08089483387800461,0.10995956884423763,807
Mason Section 136 Beds Available (Capacity 4) - AWP,14,0.07801802301929538,0.08619417703307906,800
Mason Section 136 Beds Available (Capacity 4) - AWP,28,0.09650082267600257,0.11325749527300451,786
Median time to treatment since midnight - BRI,0,0.05845629894378076,0.29430101285720855,543
Median time to treatment since midnight - BRI,1,0.055333529611893584,0.40302580917493214,542
Median time to treatment since midnight - BRI,3,-0.06257694725265794,0.16289075285718854,540
Median time to treatment since midnight - BRI,7,0.011716080402987975,0.1756204134888406,536
Median time to treatment since midnight - BRI,14,0.05625932715549996,0.16386496558800917,529
Median time to treatment since midnight - BRI,28,0.09962545861925169,0.12075145477988071,515
Median time to treatment since midnight - NBT,0,-0.038457514618472126,-0.03164361569643918,541
Median time to treatment since midnight - NBT,1,0.002704582888800751,0.013268695645212339,541
Median time to treatment since midnight - NBT,3,0.06013559866236575,0.08194640815698515,539
Median time to treatment since midnight - NBT,7,-0.06005457819981024,-0.05351600167724181,535
Median time to treatment since midnight - NBT,14,-0.0952667069591097,-0.06454760276218838,528
Median time to treatment since midnight - NBT,28,-0.04872446034781179,-0.027599038723627085,514
Median time to treatment since midnight - WGH,0,0.3948399451388383,0.471878390353735,543
Median time to treatment since midnight - WGH,1,0.3541431949837266,0.3997444656765857,542
Median time to treatment since midnight - WGH,3,0.17110370752238724,0.19164096304785563,540
Median time to treatment since midnight - WGH,7,0.3079182863265468,0.3063892812092825,536
Median time to treatment since midnight - WGH,14,0.2544421343131627,0.2820723747542756,529
Median time to treatment since midnight - WGH,28,0.22228342852265393,0.23472625490637217,515
Minors patient count - BRI,0,0.046011444654651026,0.010100782230611808,297
Minors patient count - BRI,1,0.12747746620299186,0.08572579733729903,296
Minors patient count - BRI,3,0.01573434948809982,0.004348673516453177,294
Minors patient count - BRI,7,-0.058807337952561295,-0.05322914412805934,290
Minors patient count - BRI,14,-0.12456738963482258,-0.08859072448628906,283
Minors patient count - BRI,28,-0.16227776982428044,-0.1009981229228903,269
Minors patient count - BRI (Children's),0,0.20812657511769558,0.23188948790774846,889
Minors patient count - BRI (Children's),1,0.21580061650451174,0.23314708865078324,888
Minors patient count - BRI (Children's),3,0.1346517671675529,0.18037476140808728,886
Minors patient count - BRI (Children's),7,0.13731846429264574,0.14362844867614427,882
Minors patient count - BRI (Children's),14,0.17327767337698835,0.15527765332777718,875
Minors patient count - BRI (Children's),28,0.08046944911229333,0.08373907480739874,861
Minors patient count - NBT,0,0.11472225085371857,0.11244344254040825,892
Minors patient count - NBT,1,0.13637251804736722,0.1398172616258636,891
Minors patient count - NBT,3,0.0916635145499792,0.08671649866105739,889
Minors patient count - NBT,7,0.08084352404475226,0.05260332681800596,885
Minors patient count - NBT,14,0.016920011210317467,0.02162365405380313,878
Minors patient count - NBT,28,0.0391763199155563,0.06698200086318276,864
Minors patient count - WGH,0,0.14585515981536393,0.2942613212468961,297
Minors patient count - WGH,1,0.16770554013038783,0.3137129651984394,296
Minors patient count - WGH,3,0.10144993631645353,0.16003073209614724,294
Minors patient count - WGH,7,0.12235162978997745,0.2034578976191651,290
Minors patient count - WGH,14,0.05243557456672989,0.16567866257969197,283
Minors patient count - WGH,28,0.09842192661565576,0.2185951813958259,270
NBT Complex Discharges - Sirona,0,-0.008561986065804602,0.027646061396138188,541
NBT Complex Discharges - Sirona,1,-0.1810662478102754,-0.15688892268639462,541
NBT Complex Discharges - Sirona,3,0.09914083736702375,0.10844108705473775,539
NBT Complex Discharges - Sirona,7,0.008965061737698609,0.024402971801177984,535
NBT Complex Discharges - Sirona,14,0.01946747440465651,0.03711600576320526,528
NBT Complex Discharges - Sirona,28,-0.016076808079175924,0.0035580921250798828,514
NBT NCtR >= 65 years old - Sirona,0,0.0060846642217413,0.029974552391559713,567
NBT NCtR >= 65 years old - Sirona,1,-0.06838384371564815,-0.03071272513915242,566
NBT NCtR >= 65 years old - Sirona,3,-0.07279638823303529,-0.021885220735938897,564
NBT NCtR >= 65 years old - Sirona,7,-0.13699549618435725,-0.07163677179948506,561
NBT NCtR >= 65 years old - Sirona,14,-0.13508154282415222,-0.08114863608577157,555
NBT NCtR >= 65 years old - Sirona,28,-0.1897024552394921,-0.19806408910304904,548
NBT NCtR Beddays - Sirona,0,0.045048823549459716,0.04445799917425041,567
NBT NCtR Beddays - Sirona,1,-0.0005192517764592534,0.01840908520478471,566
NBT NCtR Beddays - Sirona,3,-0.1658619429263686,-0.12626077502710106,564
NBT NCtR Beddays - Sirona,7,-0.04643701276172012,-0.028238903780155762,561
NBT NCtR Beddays - Sirona,14,-0.039903202011795286,-0.03537855101541033,555
NBT NCtR Beddays - Sirona,28,-0.0012886480299198115,-0.04796131138979515,548
NBT NCtR Patients - Sirona,0,-0.010974409049302076,0.00927051692482955,567
NBT NCtR Patients - Sirona,1,-0.07735865001047247,-0.0465466103225025,566
NBT NCtR Patients - Sirona,3,-0.07339565780314787,-0.028630926692330114,564
NBT NCtR Patients - Sirona,7,-0.1378393511917361,-0.07912856876385363,561
NBT NCtR Patients - Sirona,14,-0.14205888948559975,-0.10649452023720041,555
NBT NCtR Patients - Sirona,28,-0.1846961104991071,-0.1867808787656675,548
NBT P0 Discharges - Sirona,0,-0.26023951339300144,-0.27299049442232715,541
NBT P0 Discharges - Sirona,1,-0.3462233066154149,-0.3687594397196983,541
NBT P0 Discharges - Sirona,3,0.019391649426755767,0.012563457989878367,539
NBT P0 Discharges - Sirona,7,-0.21697752503631765,-0.22113852851593044,535
NBT P0 Discharges - Sirona,14,-0.1921497913623338,-0.2241064784672757,528
NBT P0 Discharges - Sirona,28,-0.19726014809958284,-0.21035060770393857,514
NBT P1 NCtR Beddays - Sirona,0,0.1598546955962714,0.1997542397513388,478
NBT P1 NCtR Beddays - Sirona,1,0.16835624548945186,0.20900788350971344,477
NBT P1 NCtR Beddays - Sirona,3,0.03512395945037913,0.1017504815102593,475
NBT P1 NCtR Beddays - Sirona,7,0.19803717705793583,0.21212456311010422,472
NBT P1 NCtR Beddays - Sirona,14,0.17381561366228188,0.1345114322872555,466
NBT P1 NCtR Beddays - Sirona,28,0.1295169588411119,0.12018070150848541,459
NBT P1 NCtR Patients - Sirona,0,0.29514550131329426,0.3042494756064357,567
NBT P1 NCtR Patients - Sirona,1,0.3125841409500085,0.32693138521444787,566
NBT P1 NCtR Patients - Sirona,3,0.3194558726587101,0.3426465947674507,564
NBT P1 NCtR Patients - Sirona,7,0.28671594104039366,0.2887190274125016,561
NBT P1 NCtR Patients - Sirona,14,0.2696530390041187,0.24801569987477526,555
NBT P1 NCtR Patients - Sirona,28,0.16147748271895881,0.13368672275088234,548
NBT P2 NCtR Beddays - Sirona,0,0.16662445608362336,0.1697960487167279,474
NBT P2 NCtR Beddays - Sirona,1,0.1530319439670592,0.16090720075887657,473
NBT P2 NCtR Beddays - Sirona,3,0.056921219884988085,0.07017842767627396,471
NBT P2 NCtR Beddays - Sirona,7,0.14443662136139881,0.15255806635760316,468
NBT P2 NCtR Beddays - Sirona,14,0.12218032265934448,0.11728500809979768,462
NBT P2 NCtR Beddays - Sirona,28,0.1829988446646219,0.16726784966623728,455
NBT P2 NCtR Patients - Sirona,0,0.28636397796088364,0.25074943993866716,567
NBT P2 NCtR Patients - Sirona,1,0.2968468625221834,0.2608756377235774,566
NBT P2 NCtR Patients - Sirona,3,0.30107306059346145,0.27377281020263566,564
NBT P2 NCtR Patients - Sirona,7,0.2898499226689268,0.2589533958362344,561
NBT P2 NCtR Patients - Sirona,14,0.2939904447297897,0.2729170017701962,555
NBT P2 NCtR Patients - Sirona,28,0.2320460758710935,0.23141890189373882,548
NBT P3 NCtR Beddays - Sirona,0,-0.22831064864286563,-0.21873141017561015,475
NBT P3 NCtR Beddays - Sirona,1,-0.26616936202760166,-0.2526041286021529,474
NBT P3 NCtR Beddays - Sirona,3,-0.37376939525871394,-0.376994431397505,472
NBT P3 NCtR Beddays - Sirona,7,-0.25837243239002156,-0.26549650046812645,469
NBT P3 NCtR Beddays - Sirona,14,-0.23191904077696593,-0.2348207962578197,463
NBT P3 NCtR Beddays - Sirona,28,-0.19198722249018985,-0.21858148295601595,456
NBT P3 NCtR Patients - Sirona,0,0.14347650681083438,0.05468735838057102,567
NBT P3 NCtR Patients - Sirona,1,0.12632325663869007,0.03746270880103074,566
NBT P3 NCtR Patients - Sirona,3,0.12281750750706506,0.03524806781362657,564
NBT P3 NCtR Patients - Sirona,7,0.1188494754084953,0.018221970668368302,561
NBT P3 NCtR Patients - Sirona,14,0.1331334934778705,0.04724959346384073,555
NBT P3 NCtR Patients - Sirona,28,0.07325040168151775,0.00035878952247325887,548
New Arrivals in Last Hour - BRI,0,0.1139461356722509,0.1392458127267082,886
New Arrivals in Last Hour - BRI,1,0.06890685791053203,0.11202259322420102,885
New Arrivals in Last Hour - BRI,3,-0.0779239773327983,-0.03878722337113335,883
New Arrivals in Last Hour - BRI,7,0.0432957323205933,0.05607938826250741,879
New Arrivals in Last Hour - BRI,14,0.0249537434442045,0.0569180101038903,872
New Arrivals in Last Hour - BRI,28,0.02592705924418318,0.0374801112594493,859
New Arrivals in Last Hour - BRI (Children's),0,0.3177967052292487,0.35503472988683094,886
New Arrivals in Last Hour - BRI (Children's),1,0.24538205528703222,0.2726229474445535,885
New Arrivals in Last Hour - BRI (Children's),3,0.11682965176060742,0.14078158360403015,883
New Arrivals in Last Hour - BRI (Children's),7,0.3087785964707745,0.3067111008471646,879
New Arrivals in Last Hour - BRI (Children's),14,0.34388779250146634,0.33772425614873186,872
New Arrivals in Last Hour - BRI (Children's),28,0.264131176237075,0.2451985013880574,859
New Arrivals in Last Hour - NBT,0,0.04619956469140059,0.07453207011482152,892
New Arrivals in Last Hour - NBT,1,0.0462410912938917,0.09010840074542416,891
New Arrivals in Last Hour - NBT,3,-0.14491061291540117,-0.10714628099508638,889
New Arrivals in Last Hour - NBT,7,0.00466792927189112,0.0024786548340080604,885
New Arrivals in Last Hour - NBT,14,0.03549298334417447,0.06555078140947679,878
New Arrivals in Last Hour - NBT,28,0.003977417128048012,0.028959165050163663,864
New Arrivals in Last Hour - WGH,0,0.04630382075772198,0.053431913453868156,886
New Arrivals in Last Hour - WGH,1,-0.08772948674287397,-0.060607910915852756,885
New Arrivals in Last Hour - WGH,3,-0.20679014092529613,-0.2141718432555665,883
New Arrivals in Last Hour - WGH,7,-0.05398829110918101,-0.04739114564807573,879
New Arrivals in Last Hour - WGH,14,-0.0010723697391334015,0.013547522249360443,872
New Arrivals in Last Hour - WGH,28,0.01611286423661687,0.028976284474987093,859
No of referrals received for DtA P3 - Sirona,0,-0.042845168022224094,-0.04908350411084685,912
No of referrals received for DtA P3 - Sirona,1,-0.2058804670338034,-0.2184228003887737,912
No of referrals received for DtA P3 - Sirona,3,0.035314750790201015,0.005754952188897046,910
No of referrals received for DtA P3 - Sirona,7,-0.07398538907846391,-0.081318076948522,906
No of referrals received for DtA P3 - Sirona,14,-0.05639246903717007,-0.052378072073798534,899
No of referrals received for DtA P3 - Sirona,28,-0.10445350942440715,-0.09898654724347132,885
No. of DTAs (> 8hrs) - BRI,0,0.2745712975518299,0.2593139195064079,818
No. of DTAs (> 8hrs) - BRI,1,0.24691807553536785,0.23359606236571484,818
No. of DTAs (> 8hrs) - BRI,3,0.1025429929573795,0.12552849298446553,816
No. of DTAs (> 8hrs) - BRI,7,0.16424508198329862,0.16222782625122018,813
No. of DTAs (> 8hrs) - BRI,14,0.11864346552157123,0.1559530805914556,806
No. of DTAs (> 8hrs) - BRI,28,0.12883679382186083,0.1278500634387596,795
No. of DTAs (> 8hrs) - BRI (Children's),0,0.1946624401766786,0.16835454397183308,141
No. of DTAs (> 8hrs) - BRI (Children's),1,0.2051463980696756,0.1801257193615997,140
No. of DTAs (> 8hrs) - BRI (Children's),3,0.009496179363058055,0.03976103897735141,140
No. of DTAs (> 8hrs) - BRI (Children's),7,0.07372100863299783,0.06566530338331339,140
No. of DTAs (> 8hrs) - BRI (Children's),14,-0.0831615827232672,-0.09055994985593215,140
No. of DTAs (> 8hrs) - BRI (Children's),28,0.17012996733522662,0.015703109507595066,140
No. of DTAs (> 8hrs) - NBT,0,0.6218995601742738,0.6139152645623209,892
No. of DTAs (> 8hrs) - NBT,1,0.4441778160274622,0.44380449329199423,891
No. of DTAs (> 8hrs) - NBT,3,0.2384725621102953,0.21709538440063444,889
No. of DTAs (> 8hrs) - NBT,7,0.3089126194697948,0.2878454866187461,885
No. of DTAs (> 8hrs) - NBT,14,0.2911949073485971,0.2973707313105667,878
No. of DTAs (> 8hrs) - NBT,28,0.23163897608227324,0.25854019040432846,864
No. of DTAs (> 8hrs) - WGH,0,0.3105627608050234,0.2868901066556187,638
No. of DTAs (> 8hrs) - WGH,1,0.24068558503086337,0.1768128896833377,637
No. of DTAs (> 8hrs) - WGH,3,0.057328280791749744,0.05323611222935953,635
No. of DTAs (> 8hrs) - WGH,7,0.13793640992364403,0.1565616009887533,634
No. of DTAs (> 8hrs) - WGH,14,0.22562011796538695,0.21509646454938763,630
No. of DTAs (> 8hrs) - WGH,28,0.09761511330460361,0.09795062426035579,621
No. of DTAs - BRI,0,0.7116700466589423,0.6992420679783732,891
No. of DTAs - BRI,1,0.5027381244660081,0.47755639974275915,890
No. of DTAs - BRI,3,0.343705193222206,0.315000148130843,888
No. of DTAs - BRI,7,0.43060574103374194,0.41950867727918006,884
No. of DTAs - BRI,14,0.3930567201153692,0.3964109439734778,877
No. of DTAs - BRI,28,0.3811053306484198,0.34832071169730144,863
No. of DTAs - BRI (Children's),0,0.34041667082305527,0.3862524497451936,890
No. of DTAs - BRI (Children's),1,0.21641844080700648,0.2789788356504582,889
No. of DTAs - BRI (Children's),3,0.15298408974016642,0.22327668063837222,887
No. of DTAs - BRI (Children's),7,0.27482165730724617,0.30469709009676876,883
No. of DTAs - BRI (Children's),14,0.31480585376647086,0.3478700298602719,876
No. of DTAs - BRI (Children's),28,0.2368202258779983,0.26946746144225947,863
No. of DTAs - NBT,0,0.7092926877427944,0.7033417379949575,892
No. of DTAs - NBT,1,0.5144724353352637,0.5102427441608733,891
No. of DTAs - NBT,3,0.28356131959857106,0.27259269200829855,889
No. of DTAs - NBT,7,0.39150556060493236,0.38082564249152084,885
No. of DTAs - NBT,14,0.3700877088197769,0.3777205700419668,878
No. of DTAs - NBT,28,0.33963340953163795,0.3547714604894082,864
No. of DTAs - WGH,0,0.6979260308228048,0.6878720342027467,891
No. of DTAs - WGH,1,0.47539963701320903,0.47325653342728075,890
No. of DTAs - WGH,3,0.24062699469302906,0.26863569019589295,888
No. of DTAs - WGH,7,0.44459056264927066,0.4153576383312811,884
No. of DTAs - WGH,14,0.4009506419876273,0.38076237887001374,877
No. of DTAs - WGH,28,0.2941747675007779,0.28937540694976444,863
Number of Active Calls on the 999 Call Stack - BNSSG,0,0.5670625901330764,0.5805931202086667,879
Number of Active Calls on the 999 Call Stack - BNSSG,1,0.4732891200072161,0.5154572760551329,878
Number of Active Calls on the 999 Call Stack - BNSSG,3,0.30592958791607194,0.3577593805827192,876
Number of Active Calls on the 999 Call Stack - BNSSG,7,0.3131495113964423,0.3107927811888448,872
Number of Active Calls on the 999 Call Stack - BNSSG,14,0.24539016792062232,0.28896453593461796,865
Number of Active Calls on the 999 Call Stack - BNSSG,28,0.2548497318704454,0.29695827519335916,851
Number of Admissions - BRI,0,0.3625772206998297,0.4103262187199443,929
Number of Admissions - BRI,1,0.08441335371924863,0.14826970563369601,929
Number of Admissions - BRI,3,-0.13266163946266116,-0.09395689268942835,927
Number of Admissions - BRI,7,0.2935165171832108,0.32955648722705666,923
Number of Admissions - BRI,14,0.29447468093208967,0.3292802044490076,916
Number of Admissions - BRI,28,0.27204751247585324,0.31573284390720163,902
Number of Admissions - NBT,0,0.2952872126150581,0.3207689307129627,923
Number of Admissions - NBT,1,-0.022336378359569337,0.02527466613839882,923
Number of Admissions - NBT,3,-0.17842140924054772,-0.13490682566674805,921
Number of Admissions - NBT,7,0.2299707080609045,0.2457152957595,917
Number of Admissions - NBT,14,0.2417584167883334,0.2654128865382844,910
Number of Admissions - NBT,28,0.21870928877643184,0.2513976376480618,896
Number of Admissions - WGH,0,0.3513538239097674,0.375788781908561,929
Number of Admissions - WGH,1,0.10423761442315195,0.13198254210694613,929
Number of Admissions - WGH,3,-0.04393730097871436,-0.03475243564362436,927
Number of Admissions - WGH,7,0.2564089825384617,0.2800229269919725,923
Number of Admissions - WGH,14,0.26837230802141654,0.2898876512419812,916
Number of Admissions - WGH,28,0.2695809954795069,0.3093640679013897,902
Number of Cardiac Outliers - BRI,0,0.02601389783513534,0.043963995010644324,920
Number of Cardiac Outliers - BRI,1,0.020039863489386293,0.01903251303723268,920
Number of Cardiac Outliers - BRI,3,-0.01738144413262175,-0.0341194628129231,918
Number of Cardiac Outliers - BRI,7,-0.04193144980668823,-0.025119965943102902,914
Number of Cardiac Outliers - BRI,14,-0.0729012633927059,-0.08408608593501433,907
Number of Cardiac Outliers - BRI,28,-0.008140784668125024,-0.009876761594286814,893
Number of Cases on IUC CAS Queue - SevernSide,0,0.03517744974860163,-0.03860422171860213,854
Number of Cases on IUC CAS Queue - SevernSide,1,0.3214805437206295,0.25186880819499485,853
Number of Cases on IUC CAS Queue - SevernSide,3,0.15259304564966622,0.1889851751627678,851
Number of Cases on IUC CAS Queue - SevernSide,7,0.045792011025046944,-0.03971235617043532,847
Number of Cases on IUC CAS Queue - SevernSide,14,0.01961820373790296,-0.0644763992028677,840
Number of Cases on IUC CAS Queue - SevernSide,28,0.02146533358281473,-0.06332210659869422,826
Number of Discharges - BRI,0,0.2636739740992767,0.28236217539908176,929
Number of Discharges - BRI,1,-0.08948663790152311,-0.07357197457533123,929
Number of Discharges - BRI,3,-0.08942666472135595,-0.06895879554290481,927
Number of Discharges - BRI,7,0.20985227593036682,0.21665663947514302,923
Number of Discharges - BRI,14,0.22031326853843108,0.22648577971839817,916
Number of Discharges - BRI,28,0.19307063091897297,0.22367964186251554,902
Number of Discharges - NBT,0,0.23117293992819501,0.2245001724002086,923
Number of Discharges - NBT,1,-0.12389711936966058,-0.14202269203529672,923
Number of Discharges - NBT,3,-0.1556801068910174,-0.12270994166727851,921
Number of Discharges - NBT,7,0.1694875722612079,0.15085511621498318,917
Number of Discharges - NBT,14,0.19027307197487514,0.16938176338086175,910
Number of Discharges - NBT,28,0.16175454650011978,0.1673607655423076,896
Number of Discharges - WGH,0,0.3109888647990589,0.33462526447734076,929
Number of Discharges - WGH,1,0.026117242618084683,0.059599077404772535,929
Number of Discharges - WGH,3,-0.07594039502464968,-0.0554522494593541,927
Number of Discharges - WGH,7,0.23755784499646793,0.2560114171935655,923
Number of Discharges - WGH,14,0.2573316398791323,0.28224650801335754,916
Number of Discharges - WGH,28,0.2449399255771801,0.28642169286545066,902
Number of GP expected diverts to ED - BRI,0,0.1417964982714907,0.14607512724333802,929
Number of GP expected diverts to ED - BRI,1,-0.01600401332942265,-0.04933021994805106,929
Number of GP expected diverts to ED - BRI,3,-0.05616068990566196,-0.07740475806763301,927
Number of GP expected diverts to ED - BRI,7,0.0480897560476226,0.05011266030317785,923
Number of GP expected diverts to ED - BRI,14,0.09927947635698231,0.0967241008614282,916
Number of GP expected diverts to ED - BRI,28,0.04692694849439313,0.0668167696034522,902
Number of Home Visits - SevernSide,0,0.07145113163387248,0.04937107275714205,854
Number of Home Visits - SevernSide,1,0.2713117128732023,0.25671024373721163,853
Number of Home Visits - SevernSide,3,0.127695036110829,0.19810910570176363,851
Number of Home Visits - SevernSide,7,0.11308983813782429,0.05911255496428416,847
Number of Home Visits - SevernSide,14,0.06389533045958912,0.05500110331475798,840
Number of Home Visits - SevernSide,28,0.04891456880978252,0.010059781401966464,826
Number of Medical Outliers - BRI,0,0.5040033584439911,0.5380515804274043,920
Number of Medical Outliers - BRI,1,0.4664363653192677,0.4908388879885798,920
Number of Medical Outliers - BRI,3,0.2829826128662418,0.31192573585937194,918
Number of Medical Outliers - BRI,7,0.36419572348418244,0.4060809740477185,914
Number of Medical Outliers - BRI,14,0.3662580272336046,0.4003567096531033,907
Number of Medical Outliers - BRI,28,0.3815788304976485,0.4052660186113038,893
Number of Outliers (excluding paediatrics) at 1000 - BRI,0,0.48132517341735925,0.513144524107187,920
Number of Outliers (excluding paediatrics) at 1000 - BRI,1,0.4486039318904592,0.4688301078900386,920
Number of Outliers (excluding paediatrics) at 1000 - BRI,3,0.2804293737543338,0.30019359515886096,918
Number of Outliers (excluding paediatrics) at 1000 - BRI,7,0.34124205067440927,0.37588644421434064,914
Number of Outliers (excluding paediatrics) at 1000 - BRI,14,0.3377692642064923,0.3699604210541871,907
Number of Outliers (excluding paediatrics) at 1000 - BRI,28,0.3505389330184165,0.37185047932781234,893
Number of Surgical Outliers - BRI,0,0.02699186755030242,0.06156374980033713,920
Number of Surgical Outliers - BRI,1,0.04181541387603509,0.08744211023222535,920
Number of Surgical Outliers - BRI,3,0.06473041253213026,0.13903026976363858,918
Number of Surgical Outliers - BRI,7,0.036340160052896545,0.08209883662013334,914
Number of Surgical Outliers - BRI,14,0.03148256802731516,0.03003165570374108,907
Number of Surgical Outliers - BRI,28,-0.0207572279332371,0.022514272693165166,893
Number of Treatment Centre Appointments - SevernSide,0,0.017797592738091502,-0.030612561715850937,854
Number of Treatment Centre Appointments - SevernSide,1,0.23966125361404933,0.25747568307162944,853
Number of Treatment Centre Appointments - SevernSide,3,0.19308085261526553,0.2760428599208052,851
Number of Treatment Centre Appointments - SevernSide,7,0.04474358928948673,-0.003566307785904516,847
Number of Treatment Centre Appointments - SevernSide,14,0.0664940516103653,0.0033707744604394817,840
Number of Treatment Centre Appointments - SevernSide,28,0.008578950105425061,-0.03399086190084749,826
Number of Waiting Calls on the 999 Call Stack - BNSSG,0,0.56199486147045,0.5039608451464295,879
Number of Waiting Calls on the 999 Call Stack - BNSSG,1,0.532173369045888,0.49539351952257615,878
Number of Waiting Calls on the 999 Call Stack - BNSSG,3,0.3996901440599622,0.3957380171709484,876
Number of Waiting Calls on the 999 Call Stack - BNSSG,7,0.40327547213460796,0.3209483306439486,872
Number of Waiting Calls on the 999 Call Stack - BNSSG,14,0.3163884773446463,0.2582352416056952,865
Number of Waiting Calls on the 999 Call Stack - BNSSG,28,0.35770734250240244,0.2905113812518024,851
Number of critical care beds available at 8am (today) - BRI,0,-0.05154443276077264,-0.0343017609027924,912
Number of critical care beds available at 8am (today) - BRI,1,-0.026230077943339366,-0.0029436029484087196,912
Number of critical care beds available at 8am (today) - BRI,3,-0.004603737786645794,0.018457004445483725,910
Number of critical care beds available at 8am (today) - BRI,7,0.06651130331840416,0.06173920769199925,906
Number of critical care beds available at 8am (today) - BRI,14,-0.0384188383771587,-0.06686631474539802,899
Number of critical care beds available at 8am (today) - BRI,28,-0.052758694221931836,-0.06065644352482543,885
Number of empty beds on assessment units 8am (today) - BRI,0,-0.35504673163792916,-0.37346622912253485,920
Number of empty beds on assessment units 8am (today) - BRI,1,-0.29811157224820095,-0.29824356562334475,920
Number of empty beds on assessment units 8am (today) - BRI,3,-0.20374849435366577,-0.1955888114572414,918
Number of empty beds on assessment units 8am (today) - BRI,7,-0.22232059168541526,-0.24182660374950402,914
Number of empty beds on assessment units 8am (today) - BRI,14,-0.20936137926327444,-0.1862516657282431,907
Number of empty beds on assessment units 8am (today) - BRI,28,-0.16329197166278783,-0.19867841152897134,893
Number of empty beds on assessment units 8am (today) - Medicine - BRI,0,-0.3285127192914904,-0.4523366295392149,860
Number of empty beds on assessment units 8am (today) - Medicine - BRI,1,-0.28919742443985286,-0.3679947638636334,860
Number of empty beds on assessment units 8am (today) - Medicine - BRI,3,-0.1769682720523081,-0.15872100344930226,858
Number of empty beds on assessment units 8am (today) - Medicine - BRI,7,-0.20249983088665044,-0.2178206849341021,854
Number of empty beds on assessment units 8am (today) - Medicine - BRI,14,-0.19801445903669773,-0.18837490559387768,848
Number of empty beds on assessment units 8am (today) - Medicine - BRI,28,-0.13915316730426414,-0.1625486693459766,834
Number of empty beds on assessment units 8am (today) - Surgery - BRI,0,-0.2891622052170517,-0.2864823300715852,821
Number of empty beds on assessment units 8am (today) - Surgery - BRI,1,-0.2186704751411491,-0.2170650333573014,821
Number of empty beds on assessment units 8am (today) - Surgery - BRI,3,-0.16514159674983894,-0.16285159960323026,819
Number of empty beds on assessment units 8am (today) - Surgery - BRI,7,-0.17984264826174318,-0.18729987660867167,815
Number of empty beds on assessment units 8am (today) - Surgery - BRI,14,-0.17106341900928945,-0.16522595121834935,809
Number of empty beds on assessment units 8am (today) - Surgery - BRI,28,-0.12226787870303837,-0.15453334116314457,795
OOT Internal Placements - AWP,0,0.07671651186413675,0.07882953106918736,327
OOT Internal Placements - AWP,1,0.061180892691985116,0.06381999771773929,327
OOT Internal Placements - AWP,3,0.03553239143685772,0.04675020094346639,326
OOT Internal Placements - AWP,7,0.1165629032532421,0.15499869663407898,323
OOT Internal Placements - AWP,14,0.09118569904807663,0.12404442450462487,318
OOT Internal Placements - AWP,28,0.14672752788732685,0.13607196630376442,309
OPEL - AWP,0,0.34506480634841236,0.36300625741287124,356
OPEL - AWP,1,0.35489380441596663,0.35697450973889067,356
OPEL - AWP,3,0.33864518603015226,0.36524382700845676,355
OPEL - AWP,7,0.3507796158371478,0.3802204962659991,353
OPEL - AWP,14,0.32354806100104205,0.34824755838112614,349
OPEL - AWP,28,0.265344537006244,0.29598663904051686,340
OPEL - BNSSG,0,0.3463580681284599,0.36052923419488164,676
OPEL - BNSSG,1,0.2921201670573019,0.3034718155126351,676
OPEL - BNSSG,3,0.1909736715846799,0.20961156947280785,674
OPEL - BNSSG,7,0.19365049566541592,0.19556473995179802,671
OPEL - BNSSG,14,0.22299286519232583,0.21672860004971578,665
OPEL - BNSSG,28,0.13139976131451087,0.12381324206369053,652
OPEL - BNSSG Adult Health Community Services,0,0.06654474963270894,0.053603276173122556,654
OPEL - BNSSG Adult Health Community Services,1,0.04535301561983664,0.033655307904678466,654
OPEL - BNSSG Adult Health Community Services,3,0.1469218382697105,0.14108672191221294,653
OPEL - BNSSG Adult Health Community Services,7,0.009534811029949712,0.004993635184681965,650
OPEL - BNSSG Adult Health Community Services,14,0.05424577734620386,0.060867961750209164,645
OPEL - BNSSG Adult Health Community Services,28,-0.005850977766343168,-0.007871911205967858,634
OPEL - BRI,0,0.5347046329091271,0.5328521847385688,861
OPEL - BRI,1,0.43343846762994126,0.43620125214439126,861
OPEL - BRI,3,0.27675026317474605,0.2720633820933576,859
OPEL - BRI,7,0.3173546962682693,0.3095595313331987,855
OPEL - BRI,14,0.2845418014805615,0.2763084003513877,848
OPEL - BRI,28,0.23030437351210764,0.22743571993619122,834
OPEL - BRI (Children's),0,0.1268188540801583,0.06384035170989552,77
OPEL - BRI (Children's),1,-0.04617974871051954,-0.08107616750599868,77
OPEL - BRI (Children's),3,0.019129507323587397,-0.03757037843926959,77
OPEL - BRI (Children's),7,-0.21635176688762886,-0.28329637841609273,77
OPEL - BRI (Children's),14,-0.0934142353938251,-0.14553318525511078,77
OPEL - BRI (Children's),28,-0.11564794493238657,-0.12616987162371043,77
OPEL - Bristol City Council,0,-0.3291924160201066,-0.2600578374587625,181
OPEL - Bristol City Council,1,-0.27643109970082214,-0.25184362900199353,181
OPEL - Bristol City Council,3,-0.22569358347079363,-0.17398017505737734,181
OPEL - Bristol City Council,7,-0.2832094249274674,-0.2559030870096311,181
OPEL - Bristol City Council,14,-0.23992892934403845,-0.2211329659420602,180
OPEL - Bristol City Council,28,-0.24697118584613664,-0.2808025127915213,178
OPEL - NBT,0,0.5374465845454275,0.5446334666049029,782
OPEL - NBT,1,0.445738386623963,0.4564112561737906,782
OPEL - NBT,3,0.2549017065037165,0.2544864729011179,780
OPEL - NBT,7,0.29016120588867994,0.27550863704525513,777
OPEL - NBT,14,0.2440767950774473,0.2731577419865614,770
OPEL - NBT,28,0.2396008536877636,0.2672577965848397,758
OPEL - North Somerset Council,0,0.09692622588400607,0.08473290229689245,92
OPEL - North Somerset Council,1,0.09520616095927525,0.1322665640986536,92
OPEL - North Somerset Council,3,0.2164555370083343,0.22277458418454507,92
OPEL - North Somerset Council,7,-0.018043955120213093,-0.00678050266724581,92
OPEL - North Somerset Council,14,-0.025366057348767998,-0.05397764680319902,91
OPEL - North Somerset Council,28,-0.08116672381681016,-0.060958810723021124,90
OPEL - SWAST,0,0.24339344946700248,0.23849357568607712,491
OPEL - SWAST,1,0.23897298119911844,0.22800282395150553,491
OPEL - SWAST,3,0.2285385873109458,0.23874499506492236,490
OPEL - SWAST,7,0.19969886652760743,0.17589386252503356,488
OPEL - SWAST,14,0.19108841577126146,0.1695020696271349,483
OPEL - SWAST,28,0.19635838110517528,0.15850766618243636,474
OPEL - SevernSide,0,-0.030572825619562233,-0.024182860972848937,659
OPEL - SevernSide,1,0.09822457606580651,0.11180542607073364,659
OPEL - SevernSide,3,0.11654530900794845,0.11522619386962682,658
OPEL - SevernSide,7,-0.045788159636699056,-0.04250351470368008,655
OPEL - SevernSide,14,-0.04714112805897134,-0.04122603276050973,649
OPEL - SevernSide,28,-0.017594638118630986,-0.01652829093423831,637
OPEL - South Gloucestershire Council,0,0.29594868946602465,0.3627963512612218,124
OPEL - South Gloucestershire Council,1,0.27537644159200303,0.37883443685306983,124
OPEL - South Gloucestershire Council,3,0.2165025302002471,0.31917647224479967,124
OPEL - South Gloucestershire Council,7,0.18541273632479138,0.27055328822491725,124
OPEL - South Gloucestershire Council,14,0.19966240304089647,0.23949614282962042,123
OPEL - South Gloucestershire Council,28,0.011023305159730568,0.11262688509356616,121
OPEL - WGH,0,0.569450563903349,0.5724525429691091,843
OPEL - WGH,1,0.4409167804256957,0.4507704883123018,843
OPEL - WGH,3,0.23826810588452912,0.25640588461160296,841
OPEL - WGH,7,0.35478155713150583,0.3563092817525268,837
OPEL - WGH,14,0.3486376485216541,0.34762226057203915,830
OPEL - WGH,28,0.25468806567053615,0.2463307350072715,816
"Of neonatal critical care beds occupied, how many are level 3? - NBT",0,-0.17149702923804191,-0.19920287133789244,923
"Of neonatal critical care beds occupied, how many are level 3? - NBT",1,-0.155967944550263,-0.17629765520900856,923
"Of neonatal critical care beds occupied, how many are level 3? - NBT",3,-0.16373719867554276,-0.1707449572803643,921
"Of neonatal critical care beds occupied, how many are level 3? - NBT",7,-0.20601199496246123,-0.19856881374457733,917
"Of neonatal critical care beds occupied, how many are level 3? - NBT",14,-0.29063136076506924,-0.2763826124310325,910
"Of neonatal critical care beds occupied, how many are level 3? - NBT",28,-0.16659712028539245,-0.20095636418452392,896
P1 (Available) Slots Not Utilised - Sirona,0,-0.035983044803225485,0.030274581007745733,430
P1 (Available) Slots Not Utilised - Sirona,1,-0.019503565408818084,-0.0014177090271259908,429
P1 (Available) Slots Not Utilised - Sirona,3,-0.10600966866582309,-0.08206263887388296,428
P1 (Available) Slots Not Utilised - Sirona,7,0.017646237335538127,0.054638532232227345,425
P1 (Available) Slots Not Utilised - Sirona,14,0.002229186459702508,0.01191905823895766,420
P1 (Available) Slots Not Utilised - Sirona,28,0.03549927550777685,0.07670752015410016,412
P1 Acute Waiting List (Booked + Unbooked) - Sirona,0,0.16217848028142837,0.13523225716715898,430
P1 Acute Waiting List (Booked + Unbooked) - Sirona,1,0.107794173161104,0.0895581844115211,429
P1 Acute Waiting List (Booked + Unbooked) - Sirona,3,0.1298543146753153,0.12100726749905605,428
P1 Acute Waiting List (Booked + Unbooked) - Sirona,7,0.17318455663709795,0.1300843157195634,425
P1 Acute Waiting List (Booked + Unbooked) - Sirona,14,0.1519315060842544,0.12248034615555639,420
P1 Acute Waiting List (Booked + Unbooked) - Sirona,28,0.07908897585972548,0.055431584177846785,412
P1 Caseload - Sirona,0,0.06749276897685072,0.05659813990402483,414
P1 Caseload - Sirona,1,-0.009307923291445657,-0.0037432413817765926,413
P1 Caseload - Sirona,3,0.03698585376012698,-0.00622453028978002,412
P1 Caseload - Sirona,7,0.09905496856565799,0.08299531198951045,409
P1 Caseload - Sirona,14,-0.008690472200553643,-0.019698745443733345,404
P1 Caseload - Sirona,28,0.09030120799814755,0.10569219264301705,396
P1 NCtR - Sirona,0,-0.03616193595804972,-0.04199010089885444,418
P1 NCtR - Sirona,1,-0.050068246004057376,-0.07482219996534831,417
P1 NCtR - Sirona,3,-0.06371653661034456,-0.04574175364737221,416
P1 NCtR - Sirona,7,0.01114580664054726,-0.000624264538059172,413
P1 NCtR - Sirona,14,-0.06956029814333041,-0.1054148505144019,408
P1 NCtR - Sirona,28,-0.09329858226928892,-0.0730103868457376,400
P1 Referrals Yesterday - Sirona,0,-0.06552828797946841,-0.023292599709599734,430
P1 Referrals Yesterday - Sirona,1,-0.21576262880132027,-0.141927334917199,429
P1 Referrals Yesterday - Sirona,3,0.01602953142645396,0.008846016927149822,428
P1 Referrals Yesterday - Sirona,7,-0.0653446654676171,-0.05706231594133873,425
P1 Referrals Yesterday - Sirona,14,-0.04986987682440651,-0.01986680296120712,420
P1 Referrals Yesterday - Sirona,28,-0.047713870267308056,-0.021676544527536867,412
P1 Slots Booked Today - Sirona,0,0.11820122864507109,0.1913069682209619,430
P1 Slots Booked Today - Sirona,1,-0.07445490768491823,0.05252497922733366,429
P1 Slots Booked Today - Sirona,3,-0.10544486497296986,-0.07514279711030547,428
P1 Slots Booked Today - Sirona,7,0.16272107811523506,0.16635782429726573,425
P1 Slots Booked Today - Sirona,14,0.16280710981532553,0.17198360087554415,420
P1 Slots Booked Today - Sirona,28,0.17573294168832207,0.19473421800194607,412
P1 Slots Used Yesterday - Sirona,0,-0.0849911966671851,-0.07445661490686632,431
P1 Slots Used Yesterday - Sirona,1,-0.2814091880000805,-0.2183527117682827,430
P1 Slots Used Yesterday - Sirona,3,0.015463745974876117,0.04859846914135718,429
P1 Slots Used Yesterday - Sirona,7,-0.036082395228429015,-0.043023823107485905,426
P1 Slots Used Yesterday - Sirona,14,-0.04675255610448183,-0.04078194024102421,421
P1 Slots Used Yesterday - Sirona,28,-0.061815900372335475,-0.05934831823814782,413
P2 (Available) Beds Not Utilised - Sirona,0,0.19659780834271348,0.23044513540672273,431
P2 (Available) Beds Not Utilised - Sirona,1,0.1528410039465111,0.17861178260508587,430
P2 (Available) Beds Not Utilised - Sirona,3,0.14813777221409985,0.12421590917152986,429
P2 (Available) Beds Not Utilised - Sirona,7,0.12956327599241096,0.16850952917001105,426
P2 (Available) Beds Not Utilised - Sirona,14,0.0876875107586854,0.16919057236851467,421
P2 (Available) Beds Not Utilised - Sirona,28,0.192498008324531,0.17770649286364545,413
P2 Acute Waiting List (Booked + Unbooked) - Sirona,0,0.10828066368422458,0.10277500706289776,430
P2 Acute Waiting List (Booked + Unbooked) - Sirona,1,0.036078308563714044,0.06735713637614983,429
P2 Acute Waiting List (Booked + Unbooked) - Sirona,3,0.09513349488556905,0.12400812115576385,428
P2 Acute Waiting List (Booked + Unbooked) - Sirona,7,0.1556544509946212,0.15995821018972947,425
P2 Acute Waiting List (Booked + Unbooked) - Sirona,14,0.11845308406797715,0.14342819895529615,420
P2 Acute Waiting List (Booked + Unbooked) - Sirona,28,0.10887646181899541,0.10020896050650131,412
P2 Admissions Yesterday - Sirona,0,-0.2063849798561642,-0.22030274263310842,429
P2 Admissions Yesterday - Sirona,1,-0.30841463895968513,-0.33322475505971494,428
P2 Admissions Yesterday - Sirona,3,-0.03707981585729533,-0.08061919788454715,427
P2 Admissions Yesterday - Sirona,7,-0.12717668723764713,-0.1398921375814718,424
P2 Admissions Yesterday - Sirona,14,-0.1246342655244679,-0.1511828061826284,419
P2 Admissions Yesterday - Sirona,28,-0.10064320690016931,-0.121025048779085,411
P2 Beds Occupied - Sirona,0,-0.017955400517625633,0.033234284047992266,429
P2 Beds Occupied - Sirona,1,-0.10430314500142669,-0.002969150681169361,428
P2 Beds Occupied - Sirona,3,-0.06467106160790802,0.0035460582511733403,427
P2 Beds Occupied - Sirona,7,0.02421617139749879,0.06439405393621589,424
P2 Beds Occupied - Sirona,14,-0.005843542148987521,0.02817374494952305,419
P2 Beds Occupied - Sirona,28,0.05093798615554365,0.0955183808866615,411
P2 NCtR - Sirona,0,0.00026623467923372337,0.0420842479948178,425
P2 NCtR - Sirona,1,-0.030203012917233735,0.03968741845611248,424
P2 NCtR - Sirona,3,0.016996892839097152,0.03851411533690578,423
P2 NCtR - Sirona,7,0.005430406862063498,0.03672892794997128,420
P2 NCtR - Sirona,14,0.10004116175714324,0.145173080264225,415
P2 NCtR - Sirona,28,0.10318410490045511,0.09706402499059699,407
P2 Patients Predicted for Admission Today - Sirona,0,-0.016196268703653174,-0.07932847069083312,430
P2 Patients Predicted for Admission Today - Sirona,1,-0.17445639057178763,-0.19743549542819072,429
P2 Patients Predicted for Admission Today - Sirona,3,-0.18140074384827817,-0.170761268743536,428
P2 Patients Predicted for Admission Today - Sirona,7,-0.02226606321822939,-0.040674901724801434,425
P2 Patients Predicted for Admission Today - Sirona,14,0.01774088981676641,-0.0005002032204492497,420
P2 Patients Predicted for Admission Today - Sirona,28,0.05145392447229013,0.05048451041092972,412
P2 Referrals Yesterday - Sirona,0,-0.13423819175494464,-0.13307732408591694,428
P2 Referrals Yesterday - Sirona,1,-0.2524355312791056,-0.22433345746393452,427
P2 Referrals Yesterday - Sirona,3,-0.008091320042795091,-0.013193299152081605,426
P2 Referrals Yesterday - Sirona,7,-0.08382488041832142,-0.09405410304403962,423
P2 Referrals Yesterday - Sirona,14,-0.10311204029118896,-0.11187539914861279,418
P2 Referrals Yesterday - Sirona,28,-0.1112720046348142,-0.10043708926180817,410
P3 (Available) Beds Not Utilised - Sirona,0,-0.10577126537048416,-0.09165462003184514,431
P3 (Available) Beds Not Utilised - Sirona,1,-0.15786528640626157,-0.13761006045579602,430
P3 (Available) Beds Not Utilised - Sirona,3,-0.09116908480026921,-0.09423645668125458,429
P3 (Available) Beds Not Utilised - Sirona,7,-0.08273949892267678,-0.1065234151470258,426
P3 (Available) Beds Not Utilised - Sirona,14,-0.030981759174297283,-0.06600866090437761,421
P3 (Available) Beds Not Utilised - Sirona,28,-0.10944159384657783,-0.14634218446043554,413
P3 Acute Waiting List (Booked + Unbooked) - Sirona,0,-0.4449819513339789,-0.4803109910032063,430
P3 Acute Waiting List (Booked + Unbooked) - Sirona,1,-0.47803069384857233,-0.520042969419289,429
P3 Acute Waiting List (Booked + Unbooked) - Sirona,3,-0.46647955777298583,-0.5028159875039491,428
P3 Acute Waiting List (Booked + Unbooked) - Sirona,7,-0.4437325557268185,-0.46933576854380954,425
P3 Acute Waiting List (Booked + Unbooked) - Sirona,14,-0.5002131283242999,-0.5343761976074801,420
P3 Acute Waiting List (Booked + Unbooked) - Sirona,28,-0.4411630669988969,-0.46520049353232285,412
P3 Admissions Yesterday - Sirona,0,0.0080785318256779,-0.027753904621502387,428
P3 Admissions Yesterday - Sirona,1,-0.08478750894195486,-0.12749041786694282,427
P3 Admissions Yesterday - Sirona,3,0.03950809154817596,0.027069665973380924,426
P3 Admissions Yesterday - Sirona,7,-0.029908976537110887,-0.045744212923298166,423
P3 Admissions Yesterday - Sirona,14,0.016531566573829162,-0.013853628236754142,418
P3 Admissions Yesterday - Sirona,28,-0.08481695464682766,-0.10895163710976959,410
P3 Beds Occupied - Sirona,0,0.25917324037506545,0.37539089405726705,429
P3 Beds Occupied - Sirona,1,0.1326000099520924,0.32278835754457974,428
P3 Beds Occupied - Sirona,3,0.1588485238734327,0.3067357049189194,427
P3 Beds Occupied - Sirona,7,0.31072160069213,0.4028749248341087,424
P3 Beds Occupied - Sirona,14,0.2931426527703375,0.39753376875569324,419
P3 Beds Occupied - Sirona,28,0.308530968243185,0.40991743960988897,411
P3 Referrals Yesterday - Sirona,0,-0.13630814101750593,-0.1733686290795082,429
P3 Referrals Yesterday - Sirona,1,-0.2668247906658506,-0.2751769001165578,428
P3 Referrals Yesterday - Sirona,3,-0.030538812971640607,-0.02714405469440169,427
P3 Referrals Yesterday - Sirona,7,-0.1417272719017779,-0.17961820459182895,424
P3 Referrals Yesterday - Sirona,14,-0.08751467795551118,-0.08893357285040886,419
P3 Referrals Yesterday - Sirona,28,-0.19203422520025393,-0.2141610696462321,411
Patients Admitted to DtA P2 - YESTERDAY'S DATA - Sirona,0,-0.1462723144306472,-0.1371689405417564,912
Patients Admitted to DtA P2 - YESTERDAY'S DATA - Sirona,1,-0.2887001812643952,-0.3076926050754373,912
Patients Admitted to DtA P2 - YESTERDAY'S DATA - Sirona,3,-0.047737577852499886,-0.08228664484658081,910
Patients Admitted to DtA P2 - YESTERDAY'S DATA - Sirona,7,-0.08240680150766155,-0.09399092801817395,906
Patients Admitted to DtA P2 - YESTERDAY'S DATA - Sirona,14,-0.11509717019355459,-0.12122043979161143,899
Patients Admitted to DtA P2 - YESTERDAY'S DATA - Sirona,28,-0.08000261770818823,-0.08489728636845616,885
Patients Admitted to DtA P3 - YESTERDAY'S DATA - Sirona,0,-0.039719754365506205,-0.04250613127506891,912
Patients Admitted to DtA P3 - YESTERDAY'S DATA - Sirona,1,-0.17867556262571924,-0.2137173289854106,912
Patients Admitted to DtA P3 - YESTERDAY'S DATA - Sirona,3,-0.013681009384602769,-0.042884515377614923,910
Patients Admitted to DtA P3 - YESTERDAY'S DATA - Sirona,7,-0.05776298287207471,-0.0542265676951327,906
Patients Admitted to DtA P3 - YESTERDAY'S DATA - Sirona,14,-0.014975245170784515,-0.03880141111100356,899
Patients Admitted to DtA P3 - YESTERDAY'S DATA - Sirona,28,-0.06828062668339313,-0.07893373256588884,885
Patients in A&E - BRI,0,0.5443906095046297,0.5441971581621576,891
Patients in A&E - BRI,1,0.4656299339518562,0.4737729126670916,890
Patients in A&E - BRI,3,0.274428065540168,0.2793324300391879,888
Patients in A&E - BRI,7,0.2988246618939628,0.2992235456517405,884
Patients in A&E - BRI,14,0.2586740250272564,0.29489447134161234,877
Patients in A&E - BRI,28,0.2676027990779509,0.2663742417484253,863
Patients in A&E - BRI (Children's),0,0.3440219348313627,0.38545619267551423,891
Patients in A&E - BRI (Children's),1,0.2669323641265438,0.3143927016681569,890
Patients in A&E - BRI (Children's),3,0.1897684989992631,0.2417595908991084,888
Patients in A&E - BRI (Children's),7,0.2739463844157634,0.28402366278022184,884
Patients in A&E - BRI (Children's),14,0.321600401212461,0.31360034329586284,877
Patients in A&E - BRI (Children's),28,0.21875795070829834,0.22320757468376584,863
Patients in A&E - NBT,0,0.4715686890374385,0.4885808243243256,892
Patients in A&E - NBT,1,0.35557035247303626,0.3802313668703219,891
Patients in A&E - NBT,3,0.18427582303577358,0.19782673671294307,889
Patients in A&E - NBT,7,0.25904144072202867,0.26652253574903884,885
Patients in A&E - NBT,14,0.24002353019600067,0.27026351865658965,878
Patients in A&E - NBT,28,0.22963006204611475,0.2684092513041049,864
Patients in A&E - WGH,0,0.5517562875572548,0.5521755766269361,891
Patients in A&E - WGH,1,0.3312911554230009,0.34559257898411594,890
Patients in A&E - WGH,3,0.09836802015416302,0.0971832319489185,888
Patients in A&E - WGH,7,0.30754168061873877,0.29989363033230004,884
Patients in A&E - WGH,14,0.2739806638265452,0.2757934821564813,877
Patients in A&E - WGH,28,0.18623609580822886,0.19649716284422336,863
Proportion of Calls Since Midnight that Received a Hear Treat - BNSSG,0,0.19382445726890246,0.16025867204866173,879
Proportion of Calls Since Midnight that Received a Hear Treat - BNSSG,1,0.11445308605512852,0.0918868482316493,878
Proportion of Calls Since Midnight that Received a Hear Treat - BNSSG,3,0.026103135245739248,0.044744123944344114,876
Proportion of Calls Since Midnight that Received a Hear Treat - BNSSG,7,0.11366559885689108,0.11162667087728657,872
Proportion of Calls Since Midnight that Received a Hear Treat - BNSSG,14,0.049543416570622986,0.07709472764656272,865
Proportion of Calls Since Midnight that Received a Hear Treat - BNSSG,28,0.13579089882458445,0.1496248211500518,851
Proportion of Calls Since Midnight that Received a See Convey - BNSSG,0,-0.3203278681393076,-0.2735743122943463,879
Proportion of Calls Since Midnight that Received a See Convey - BNSSG,1,-0.246858567657385,-0.22282856652260802,878
Proportion of Calls Since Midnight that Received a See Convey - BNSSG,3,-0.17603864180645507,-0.18069706604510927,876
Proportion of Calls Since Midnight that Received a See Convey - BNSSG,7,-0.14440604904485316,-0.1215463127442252,872
Proportion of Calls Since Midnight that Received a See Convey - BNSSG,14,-0.11436359514987628,-0.1183131554907525,865
Proportion of Calls Since Midnight that Received a See Convey - BNSSG,28,-0.15356352321569156,-0.15448888097158986,851
Proportion of Calls Since Midnight that Received a See Treat - BNSSG,0,0.035437256419204914,0.029931395116173317,879
Proportion of Calls Since Midnight that Received a See Treat - BNSSG,1,0.06921304047771638,0.05887551726191554,878
Proportion of Calls Since Midnight that Received a See Treat - BNSSG,3,0.09397714854867391,0.06585473258637672,876
Proportion of Calls Since Midnight that Received a See Treat - BNSSG,7,-0.020029567070431336,-0.05002980439032644,872
Proportion of Calls Since Midnight that Received a See Treat - BNSSG,14,0.016207399100050323,-0.006661635464730552,865
Proportion of Calls Since Midnight that Received a See Treat - BNSSG,28,-0.04236378554366948,-0.057105492670025126,851
Red Nursing schedules - Sirona,0,0.02747908318001049,0.04205116197932798,446
Red Nursing schedules - Sirona,1,-0.05894795558986869,-0.04665872660681697,445
Red Nursing schedules - Sirona,3,-0.08822892977554951,-0.02053185664106193,444
Red Nursing schedules - Sirona,7,0.0741049199370673,0.0693312114495703,441
Red Nursing schedules - Sirona,14,0.10257376919824465,0.0729664168165704,436
Red Nursing schedules - Sirona,28,0.06712952765738947,0.051679998672091,428
Referrals Received Yesterday - NHS @ Home,0,0.07702081709483957,0.06664546616146849,523
Referrals Received Yesterday - NHS @ Home,1,-0.07272365960580243,-0.09076895384553083,523
Referrals Received Yesterday - NHS @ Home,3,0.08661924717296567,0.043206306203666944,523
Referrals Received Yesterday - NHS @ Home,7,0.06301225081693093,0.05110680555371434,521
Referrals Received Yesterday - NHS @ Home,14,0.06814098398140549,0.05784864490353835,517
Referrals Received Yesterday - NHS @ Home,28,0.011804601568135292,0.0199314793613425,510
Resuscitation Capacity - BRI,0,-0.048928430964758324,-0.061883556477967235,891
Resuscitation Capacity - BRI,1,0.015222840094277566,0.010160636613597212,890
Resuscitation Capacity - BRI,3,0.10518380126731827,0.10918825889761825,888
Resuscitation Capacity - BRI,7,0.10009421453592962,0.09441616406714998,884
Resuscitation Capacity - BRI,14,0.11502673535313067,0.09233726407426537,877
Resuscitation Capacity - BRI,28,0.08709268761478713,0.09041674538369684,863
Resuscitation Capacity - BRI (Children's),0,-0.06648342308291504,-0.08573872755714126,891
Resuscitation Capacity - BRI (Children's),1,-0.05438232936086573,-0.08585431808273744,890
Resuscitation Capacity - BRI (Children's),3,-0.01857532979083479,-0.041016197586912925,888
Resuscitation Capacity - BRI (Children's),7,-0.02856139777040004,-0.028205354128664657,884
Resuscitation Capacity - BRI (Children's),14,-0.0787182918353004,-0.07307488459494316,877
Resuscitation Capacity - BRI (Children's),28,-0.005540176146363088,-0.004322828492786658,863
Resuscitation Capacity - NBT,0,-0.5115230054513169,-0.583987956018798,892
Resuscitation Capacity - NBT,1,-0.41156756030299513,-0.4654624243251114,891
Resuscitation Capacity - NBT,3,-0.2622631840181258,-0.2930957723627217,889
Resuscitation Capacity - NBT,7,-0.29804265354112724,-0.3298585854003706,885
Resuscitation Capacity - NBT,14,-0.2675275478780158,-0.31088246727988883,878
Resuscitation Capacity - NBT,28,-0.2636008525828053,-0.3159743421115641,864
Resuscitation Capacity - WGH,0,-0.06648342308291504,-0.08573872755714126,891
Resuscitation Capacity - WGH,1,-0.05438232936086573,-0.08585431808273744,890
Resuscitation Capacity - WGH,3,-0.01857532979083479,-0.041016197586912925,888
Resuscitation Capacity - WGH,7,-0.02856139777040004,-0.028205354128664657,884
Resuscitation Capacity - WGH,14,-0.0787182918353004,-0.07307488459494316,877
Resuscitation Capacity - WGH,28,-0.005540176146363088,-0.004322828492786658,863
Resuscitation Capacity at 1000 - BRI,0,-0.28364074492238583,-0.30928776707988537,920
Resuscitation Capacity at 1000 - BRI,1,-0.2623967874802278,-0.26993071576724054,920
Resuscitation Capacity at 1000 - BRI,3,-0.170009441643069,-0.16461182203021169,918
Resuscitation Capacity at 1000 - BRI,7,-0.1560761625207191,-0.17122112282383475,914
Resuscitation Capacity at 1000 - BRI,14,-0.12280613898545374,-0.14601731747857355,907
Resuscitation Capacity at 1000 - BRI,28,-0.1491853787695957,-0.13761811484364747,893
Sirona BNSSG % Staffing Reduction - Sirona,0,0.35292453966954507,0.2144564917631106,636
Sirona BNSSG % Staffing Reduction - Sirona,1,0.37311853791195204,0.24320938403313294,636
Sirona BNSSG % Staffing Reduction - Sirona,3,0.4031150696829988,0.2619353053446826,635
Sirona BNSSG % Staffing Reduction - Sirona,7,0.403963337754789,0.29675118021578145,632
Sirona BNSSG % Staffing Reduction - Sirona,14,0.4020897307864349,0.30869241731745883,627
Sirona BNSSG % Staffing Reduction - Sirona,28,0.35870280088004164,0.286570065003687,617
Sirona ICE Bristol Locality % Staffing Reduction - Sirona,0,0.1007631510913217,0.1089116003367623,636
Sirona ICE Bristol Locality % Staffing Reduction - Sirona,1,0.12054688763286774,0.12318587571806588,636
Sirona ICE Bristol Locality % Staffing Reduction - Sirona,3,0.11372270997165533,0.12210650984398305,635
Sirona ICE Bristol Locality % Staffing Reduction - Sirona,7,0.12802432651580203,0.1617623735606519,632
Sirona ICE Bristol Locality % Staffing Reduction - Sirona,14,0.08326264899393904,0.14059808686337183,627
Sirona ICE Bristol Locality % Staffing Reduction - Sirona,28,0.048840537612340314,0.10768771815138214,617
Sirona N&W Bristol Locality % Staffing Reduction - Sirona,0,0.21256041209108847,0.14683825346519433,636
Sirona N&W Bristol Locality % Staffing Reduction - Sirona,1,0.23981157535815062,0.16988564084645866,636
Sirona N&W Bristol Locality % Staffing Reduction - Sirona,3,0.2346942069780965,0.17773967046176023,635
Sirona N&W Bristol Locality % Staffing Reduction - Sirona,7,0.22353553974070348,0.15721022851429897,632
Sirona N&W Bristol Locality % Staffing Reduction - Sirona,14,0.2209503436042483,0.1681213930825628,627
Sirona N&W Bristol Locality % Staffing Reduction - Sirona,28,0.19248059649598187,0.15746140011330395,617
Sirona SASS % Staffing Reduction - Sirona,0,0.3468755661407374,0.2093639547522392,636
Sirona SASS % Staffing Reduction - Sirona,1,0.349929042719913,0.22220011140782284,636
Sirona SASS % Staffing Reduction - Sirona,3,0.38028794420414597,0.23536560115872082,635
Sirona SASS % Staffing Reduction - Sirona,7,0.36206234463907844,0.21881556861534615,632
Sirona SASS % Staffing Reduction - Sirona,14,0.36768943225177103,0.24425339878626304,627
Sirona SASS % Staffing Reduction - Sirona,28,0.3651360323807723,0.28464705090156395,617
Sirona South Bristol Locality % Staffing Reduction - Sirona,0,0.15568059097053533,0.15928663271279683,636
Sirona South Bristol Locality % Staffing Reduction - Sirona,1,0.153987051523627,0.18046621416302447,636
Sirona South Bristol Locality % Staffing Reduction - Sirona,3,0.24817021928123606,0.24134164193175828,635
Sirona South Bristol Locality % Staffing Reduction - Sirona,7,0.2660877895347984,0.2858810896345139,632
Sirona South Bristol Locality % Staffing Reduction - Sirona,14,0.34147493891776526,0.30524583933855026,627
Sirona South Bristol Locality % Staffing Reduction - Sirona,28,0.302833093788634,0.2952811338624941,617
Sirona South Glos Locality % Staffing Reduction - Sirona,0,0.287285453839927,0.24687735740564345,636
Sirona South Glos Locality % Staffing Reduction - Sirona,1,0.2888239746767499,0.26099646583370956,636
Sirona South Glos Locality % Staffing Reduction - Sirona,3,0.3100612581905743,0.2645845423113341,635
Sirona South Glos Locality % Staffing Reduction - Sirona,7,0.3126090361373822,0.27437954385350855,632
Sirona South Glos Locality % Staffing Reduction - Sirona,14,0.3134130769156244,0.29529206510068645,627
Sirona South Glos Locality % Staffing Reduction - Sirona,28,0.2710307113333734,0.23593460386909207,617
Sirona Weston & Worle Locality % Staffing Reduction - Sirona,0,0.062240906403074336,-0.021833087911502482,636
Sirona Weston & Worle Locality % Staffing Reduction - Sirona,1,0.04034989616754344,-0.029615569847297178,636
Sirona Weston & Worle Locality % Staffing Reduction - Sirona,3,0.030220724706927674,-0.012471344456229631,635
Sirona Weston & Worle Locality % Staffing Reduction - Sirona,7,0.06893644362803188,-0.002461721069084121,632
Sirona Weston & Worle Locality % Staffing Reduction - Sirona,14,0.11915923946285077,0.08636719094982832,627
Sirona Weston & Worle Locality % Staffing Reduction - Sirona,28,0.12399774872067112,0.04517260263073608,617
Sirona Woodspring Locality % Staffing Reduction - Sirona,0,0.007447754172486919,-0.05684971809149602,636
Sirona Woodspring Locality % Staffing Reduction - Sirona,1,-0.001260827649590737,-0.06605271997814476,636
Sirona Woodspring Locality % Staffing Reduction - Sirona,3,-0.0025922997247435835,-0.06383020545789712,635
Sirona Woodspring Locality % Staffing Reduction - Sirona,7,0.038469383170695204,-0.016402656569780027,632
Sirona Woodspring Locality % Staffing Reduction - Sirona,14,0.04214393373801137,-0.012129644395177608,627
Sirona Woodspring Locality % Staffing Reduction - Sirona,28,-0.04630836234223769,-0.10876662435126762,617
Total Breaches Since Midnight - BRI,0,0.29189659977219623,0.29114678027752333,888
Total Breaches Since Midnight - BRI,1,0.36983277101160705,0.3465480369805994,887
Total Breaches Since Midnight - BRI,3,0.25460120319937657,0.27675571596648496,885
Total Breaches Since Midnight - BRI,7,0.2333867895634943,0.23085077725717834,881
Total Breaches Since Midnight - BRI,14,0.24797178354583943,0.25913075995785667,874
Total Breaches Since Midnight - BRI,28,0.22460589564133193,0.22237583471728542,860
Total Breaches Since Midnight - BRI (Children's),0,0.3606737500282228,0.3631014546919489,885
Total Breaches Since Midnight - BRI (Children's),1,0.30811799153712793,0.3035798841430975,884
Total Breaches Since Midnight - BRI (Children's),3,0.24651884976074875,0.26207284039495765,882
Total Breaches Since Midnight - BRI (Children's),7,0.2960061173823168,0.2719772581329135,878
Total Breaches Since Midnight - BRI (Children's),14,0.3773459908638659,0.3349873069343702,871
Total Breaches Since Midnight - BRI (Children's),28,0.29825283104666217,0.2773945120409494,857
Total Breaches Since Midnight - NBT,0,0.20410885225277497,0.21070994972180404,892
Total Breaches Since Midnight - NBT,1,0.2166886325943595,0.22781793570133035,891
Total Breaches Since Midnight - NBT,3,0.07939445046465643,0.07984898938443806,889
Total Breaches Since Midnight - NBT,7,0.1557052351674959,0.1361347174287623,885
Total Breaches Since Midnight - NBT,14,0.12629876937368956,0.12277074065271362,878
Total Breaches Since Midnight - NBT,28,0.15142553156407373,0.17823701397197583,864
Total Breaches Since Midnight - WGH,0,0.3141868235330164,0.248389787018755,881
Total Breaches Since Midnight - WGH,1,0.2572596139548198,0.20265622466647895,880
Total Breaches Since Midnight - WGH,3,0.23671865883614548,0.21742368876786067,878
Total Breaches Since Midnight - WGH,7,0.23983754301098975,0.22459557681826475,874
Total Breaches Since Midnight - WGH,14,0.24619837256670324,0.23155427694843927,867
Total Breaches Since Midnight - WGH,28,0.2528295900119172,0.2426663944532686,854
Unallocated Red Nursing Schedules (%) - Sirona,0,0.08523383741609855,0.12396775721509844,430
Unallocated Red Nursing Schedules (%) - Sirona,1,0.005124733995506256,0.006989644473435628,429
Unallocated Red Nursing Schedules (%) - Sirona,3,0.031135977242413865,0.1338840351819547,428
Unallocated Red Nursing Schedules (%) - Sirona,7,0.034194377857490015,0.1058906563780923,425
Unallocated Red Nursing Schedules (%) - Sirona,14,0.0021604197910675203,0.1269005805380704,420
Unallocated Red Nursing Schedules (%) - Sirona,28,0.012483996855482078,0.11876554988105902,412
Unallocated Red Nursing Schedules - Sirona,0,0.15240631427571646,0.15101081240179717,448
Unallocated Red Nursing Schedules - Sirona,1,0.06152982621755762,0.025711391805934902,447
Unallocated Red Nursing Schedules - Sirona,3,0.08494456181917455,0.15221081942922723,446
Unallocated Red Nursing Schedules - Sirona,7,0.14048185368971736,0.14838266810859807,443
Unallocated Red Nursing Schedules - Sirona,14,0.11741982509363313,0.18654525838107536,438
Unallocated Red Nursing Schedules - Sirona,28,0.09801451708422888,0.13906795169216388,430
Urgent Referrals - AWP,0,-0.08244173557774973,-0.11979887649651877,327
Urgent Referrals - AWP,1,-0.21047855037040364,-0.16735226977955442,327
Urgent Referrals - AWP,3,-0.01778281455235104,-0.02913405086934575,326
Urgent Referrals - AWP,7,-0.1271587296659906,-0.1445788799893718,323
Urgent Referrals - AWP,14,-0.1557968485610959,-0.14079093042564078,318
Urgent Referrals - AWP,28,-0.13818300313265333,-0.13251977554101263,309
WGH Complex Discharges - Sirona,0,-0.2253760156671451,-0.2216678318650493,558
WGH Complex Discharges - Sirona,1,-0.2287820028441829,-0.2573115817615854,557
WGH Complex Discharges - Sirona,3,0.09187016045892603,0.06258032461149779,555
WGH Complex Discharges - Sirona,7,-0.1950631848976005,-0.21140021102160503,551
WGH Complex Discharges - Sirona,14,-0.16969960278855284,-0.18413782825244207,544
WGH Complex Discharges - Sirona,28,-0.23350004800294996,-0.24072323010934316,530
WGH NCtR >= 65 years old - Sirona,0,0.4229331017526021,0.34003052296315583,436
WGH NCtR >= 65 years old - Sirona,1,0.42128734715857963,0.3184060512396812,436
WGH NCtR >= 65 years old - Sirona,3,0.4076261714748918,0.33212033307657973,435
WGH NCtR >= 65 years old - Sirona,7,0.4590278425357867,0.35290374602331886,432
WGH NCtR >= 65 years old - Sirona,14,0.4220869798966393,0.34142521289636735,427
WGH NCtR >= 65 years old - Sirona,28,0.354797020158988,0.24619042938639765,417
WGH NCtR Beddays - Sirona,0,0.3155529822654961,0.31753002721342605,436
WGH NCtR Beddays - Sirona,1,0.33782938429309967,0.3375832902775743,436
WGH NCtR Beddays - Sirona,3,0.2512963691600992,0.2473459553429666,435
WGH NCtR Beddays - Sirona,7,0.33269586281235797,0.29156420087009693,432
WGH NCtR Beddays - Sirona,14,0.3266316031279812,0.28824700227522754,427
WGH NCtR Beddays - Sirona,28,0.32751430299647233,0.27155836041046927,417
WGH NCtR Patients - Sirona,0,0.43267710340123666,0.33776575710628604,436
WGH NCtR Patients - Sirona,1,0.44137598020834423,0.3242388673296449,436
WGH NCtR Patients - Sirona,3,0.425088182866924,0.334862736770404,435
WGH NCtR Patients - Sirona,7,0.47882398086329114,0.3564431333821175,432
WGH NCtR Patients - Sirona,14,0.44119604841228427,0.3440155275879749,427
WGH NCtR Patients - Sirona,28,0.37659544590146815,0.2542361456123759,417
WGH P0 Discharges - Sirona,0,-0.31630631435138234,-0.33066439467755965,558
WGH P0 Discharges - Sirona,1,-0.3102265085932494,-0.3325037643270858,557
WGH P0 Discharges - Sirona,3,0.019215667292633007,-0.008213029792591612,555
WGH P0 Discharges - Sirona,7,-0.30856084617175367,-0.2950351527381599,551
WGH P0 Discharges - Sirona,14,-0.27252700946742775,-0.26482639146661496,544
WGH P0 Discharges - Sirona,28,-0.27353135935829415,-0.2788740592698734,530
WGH P1 NCtR Beddays - Sirona,0,0.5114211288209614,0.4464660153847374,436
WGH P1 NCtR Beddays - Sirona,1,0.5298434140727752,0.46214242932942445,436
WGH P1 NCtR Beddays - Sirona,3,0.44800977792655594,0.38911045282959333,435
WGH P1 NCtR Beddays - Sirona,7,0.513051956295194,0.41621404545712104,432
WGH P1 NCtR Beddays - Sirona,14,0.49529682329335534,0.40716200260048513,427
WGH P1 NCtR Beddays - Sirona,28,0.3941664428434819,0.3025302216600227,417
WGH P1 NCtR Patients - Sirona,0,0.42650265594720543,0.3032085539713236,436
WGH P1 NCtR Patients - Sirona,1,0.43744829593306545,0.2918030975874852,436
WGH P1 NCtR Patients - Sirona,3,0.45135840997973786,0.3154289234912132,435
WGH P1 NCtR Patients - Sirona,7,0.454701935234946,0.2964889168292225,432
WGH P1 NCtR Patients - Sirona,14,0.41617038476501766,0.2666652377878605,427
WGH P1 NCtR Patients - Sirona,28,0.3405751570221795,0.21341463093914767,417
WGH P2 NCtR Beddays - Sirona,0,0.24566655710802993,0.22482443663642612,437
WGH P2 NCtR Beddays - Sirona,1,0.21589955330058527,0.20595870096120564,437
WGH P2 NCtR Beddays - Sirona,3,0.11980150626374308,0.10709439185330986,435
WGH P2 NCtR Beddays - Sirona,7,0.20099714060642035,0.22351177974323116,432
WGH P2 NCtR Beddays - Sirona,14,0.21186013523169697,0.22071285833280038,427
WGH P2 NCtR Beddays - Sirona,28,0.1941908463632533,0.1523792675765154,417
WGH P2 NCtR Patients - Sirona,0,0.3082339596252078,0.23249939628309707,436
WGH P2 NCtR Patients - Sirona,1,0.2885107249871762,0.22240501986992367,436
WGH P2 NCtR Patients - Sirona,3,0.22863209515870647,0.18289527385290968,435
WGH P2 NCtR Patients - Sirona,7,0.31538791923897597,0.2857628199046893,432
WGH P2 NCtR Patients - Sirona,14,0.27299311335163484,0.25199891729153795,427
WGH P2 NCtR Patients - Sirona,28,0.1888744672704577,0.14601871180192638,417
WGH P3 NCtR Beddays - Sirona,0,-0.05414272261898748,-0.06641209270374222,437
WGH P3 NCtR Beddays - Sirona,1,-0.047379569472179146,-0.06434473817201337,437
WGH P3 NCtR Beddays - Sirona,3,-0.12514346991277325,-0.10873243062024449,436
WGH P3 NCtR Beddays - Sirona,7,-0.09367963099264139,-0.09384444883614287,433
WGH P3 NCtR Beddays - Sirona,14,-0.06996047172901002,-0.07970595438295486,428
WGH P3 NCtR Beddays - Sirona,28,0.011563748153560665,0.02353375727886445,418
WGH P3 NCtR Patients - Sirona,0,-0.16436174542305246,-0.19357152263193447,436
WGH P3 NCtR Patients - Sirona,1,-0.16713809143125913,-0.19486252307305157,436
WGH P3 NCtR Patients - Sirona,3,-0.16164876946091322,-0.17961062079361442,435
WGH P3 NCtR Patients - Sirona,7,-0.09116566719361434,-0.13465422830788418,432
WGH P3 NCtR Patients - Sirona,14,-0.12451715156841395,-0.16125307684340723,427
WGH P3 NCtR Patients - Sirona,28,-0.11824587796996042,-0.10694439171427352,417
